model,doc,psr,iteration,CosSim_Thresh,TopKSelection,f1_micro,f1_macro,exact_match_ratio,precision@8,precision@15,precision@recall,map,precision_micro,recall_micro,fpr_micro,auc_micro,auc_macro
CAML,1,1_0.1_0,0,0,1,55.1,15.6,0.3,66.5,51.9,54.2,57,58.1,52.4,0.1
CAML,1,1_0.1_0,1,0,1,58.3,17.4,0.4,69.8,54.9,57.3,64.5,61.8,55.1,0.1
CAML,1,1_0.1_0,2,0,1,61.7,19.9,0.6,72.6,57.9,60.9,68.7,65.5,58.4,0.1
CAML,1,1_0.1_0,3,0,1,66.1,24.2,0.9,74.5,60.6,64.6,71.7,69.3,63.1,0.1
CAML,1,1_0.1_0,4,0,1,75.7,60.8,5.6,75.7,62.7,68.3,73.8,72.4,79.4,0.1
CAML,1,1_0.1_0,5,0,1,76.7,61.2,8,76.3,64.2,71.4,75.2,74.5,79,0.1
CAML,1,1_0.1_0,6,0,1,77.5,61.6,10.8,76.4,65.2,73.8,76,76.4,78.6,0
CAML,1,1_0.1_0,7,0,1,78.2,61.9,14.7,76.4,65.5,75.5,76.4,78.2,78.2,0
CAML,1,1_0.1_0,8,0,1,78.8,62.1,19.8,76.4,65.5,75.6,76.4,79.9,77.8,0
CAML,1,1_0.1_0,9,0,1,79.4,62.4,27.1,76.4,65.5,75.6,76.4,81.6,77.3,0
CAML,1,1_0.1_0,10,0,1,79.9,62.5,37,76.4,65.5,75.6,76.4,83.1,76.9,0
CAML,1,1_0.1_0,11,0,1,80.2,62.7,49.2,76.4,65.5,75.6,76.4,84.3,76.5,0
CAML,1,1_0.1_0,12,0,1,80.3,62.7,58.2,76.4,65.5,75.6,76.4,85,76.1,0
CAML,1,1_0.1_0,13,0,1,80.3,62.7,58.5,76.4,65.5,75.6,76.4,85.1,76.1,0
CAML,1,1_0.1_0,14,0,1,80.3,62.7,58.5,76.4,65.5,75.6,76.4,85.1,76.1,0
CAML,1,1_0.1_0,15,0,1,80.3,62.7,58.5,76.4,65.5,75.6,76.4,85.1,76.1,0
CAML,1,1_0.1_0,16,0,1,80.3,62.7,58.5,76.4,65.5,75.6,76.4,85.1,76.1,0
CAML,1,1_0.1_0,17,0,1,80.3,62.7,58.5,76.4,65.5,75.6,76.4,85.1,76.1,0
CAML,1,1_0.1_0,18,0,1,80.3,62.7,58.5,76.4,65.5,75.6,76.4,85.1,76.1,0
CAML,1,1_0.1_0,19,0,1,80.3,62.7,58.5,76.4,65.5,75.6,76.4,85.1,76.1,0
CAML,1,1_0.1_0,20,0,1,80.3,62.7,58.5,76.4,65.5,75.6,76.4,85.1,76.1,0
CAML,1,1_0.1_0,21,0,1,80.3,62.7,58.5,76.4,65.5,75.6,76.4,85.1,76.1,0
CAML,1,1_0.1_0,22,0,1,80.3,62.7,58.5,76.4,65.5,75.6,76.4,85.1,76.1,0
CAML,1,1_0.1_0,23,0,1,80.3,62.7,58.5,76.4,65.5,75.6,76.4,85.1,76.1,0
CAML,1,1_0.1_0,24,0,1,80.3,62.7,58.5,76.4,65.5,75.6,76.4,85.1,76.1,0
CAML,1,1_0.1_0,25,0,1,80.3,62.7,58.5,76.4,65.5,75.6,76.4,85.1,76.1,0
CAML,1,1_0.1_0,26,0,1,80.3,62.7,58.5,76.4,65.5,75.6,76.4,85.1,76.1,0
CAML,1,1_0.1_0,27,0,1,80.3,62.7,58.5,76.4,65.5,75.6,76.4,85.1,76.1,0
CAML,1,1_0.1_0,28,0,1,80.3,62.7,58.5,76.4,65.5,75.6,76.4,85.1,76.1,0
CAML,1,1_0.1_0,29,0,1,80.3,62.7,58.5,76.4,65.5,75.6,76.4,85.1,76.1,0
CAML,2,1_0.1_0,0,0,2,55.1,15.6,0.3,66.5,51.9,54.2,57,58.1,52.4,0.1
CAML,2,1_0.1_0,1,0,2,56.9,16.4,0.4,68.5,53.7,56,62.3,60.8,53.5,0.1
CAML,2,1_0.1_0,2,0,2,58.7,17.3,0.5,70.3,55.5,57.9,65.6,63.3,54.8,0.1
CAML,2,1_0.1_0,3,0,2,60.5,18.3,0.5,71.7,57.1,59.8,68,65.6,56.2,0.1
CAML,2,1_0.1_0,4,0,2,62.5,20.4,0.6,72.8,58.6,61.6,69.9,67.8,58,0.1
CAML,2,1_0.1_0,5,0,2,63.9,21.5,0.7,73.6,59.8,63.3,71.3,69.7,59.1,0.1
CAML,2,1_0.1_0,6,0,2,65.3,22.8,0.8,74.2,60.8,64.8,72.4,71.1,60.4,0
CAML,2,1_0.1_0,7,0,2,66.7,24.5,1,74.6,61.6,66,73.2,72.2,62,0
CAML,2,1_0.1_0,8,0,2,68.3,26.6,1.3,74.8,62.1,67,73.8,72.9,64.2,0
CAML,2,1_0.1_0,9,0,2,70.1,29.9,1.6,75,62.5,67.7,74.2,72.9,67.4,0.1
CAML,2,1_0.1_0,10,0,2,72.5,37.7,2.2,75,62.6,68.1,74.4,71,74,0.1
CAML,2,1_0.1_0,11,0,2,72.3,61.6,3.2,75,62.7,68.3,74.5,64,83.1,0.1
CAML,2,1_0.1_0,12,0,2,72.3,61.7,3.3,75,62.7,68.3,74.5,64.1,83,0.1
CAML,2,1_0.1_0,13,0,2,72.3,61.7,3.3,75,62.7,68.3,74.5,64.1,83,0.1
CAML,2,1_0.1_0,14,0,2,72.3,61.7,3.3,75,62.7,68.3,74.5,64.1,83,0.1
CAML,2,1_0.1_0,15,0,2,72.3,61.7,3.3,75,62.7,68.3,74.5,64.1,83,0.1
CAML,2,1_0.1_0,16,0,2,72.3,61.7,3.3,75,62.7,68.3,74.5,64.1,83,0.1
CAML,2,1_0.1_0,17,0,2,72.3,61.7,3.3,75,62.7,68.3,74.5,64.1,83,0.1
CAML,2,1_0.1_0,18,0,2,72.3,61.7,3.3,75,62.7,68.3,74.5,64.1,82.9,0.1
CAML,2,1_0.1_0,19,0,2,72.3,61.7,3.3,75,62.7,68.3,74.5,64.1,82.9,0.1
CAML,2,1_0.1_0,20,0,2,72.3,61.7,3.3,75,62.7,68.3,74.5,64.1,82.9,0.1
CAML,2,1_0.1_0,21,0,2,72.3,61.7,3.3,75,62.7,68.3,74.5,64.1,82.9,0.1
CAML,2,1_0.1_0,22,0,2,72.3,61.7,3.3,75,62.7,68.3,74.5,64.1,82.9,0.1
CAML,2,1_0.1_0,23,0,2,72.3,61.7,3.3,75,62.7,68.3,74.5,64.1,82.9,0.1
CAML,2,1_0.1_0,24,0,2,72.3,61.7,3.3,75,62.7,68.3,74.5,64.1,82.9,0.1
CAML,2,1_0.1_0,25,0,2,72.3,61.7,3.3,75,62.7,68.3,74.5,64.1,82.9,0.1
CAML,2,1_0.1_0,26,0,2,72.3,61.7,3.3,75,62.7,68.3,74.5,64.1,82.9,0.1
CAML,2,1_0.1_0,27,0,2,72.3,61.7,3.3,75,62.7,68.3,74.5,64.1,82.9,0.1
CAML,2,1_0.1_0,28,0,2,72.3,61.7,3.3,75,62.7,68.3,74.5,64.1,82.9,0.1
CAML,2,1_0.1_0,29,0,2,72.3,61.7,3.3,75,62.7,68.3,74.5,64.1,82.9,0.1
CAML,3,1_0.1_0,0,0,3,55.1,15.6,0.3,66.5,51.9,54.2,57,58.1,52.4,0.1
CAML,3,1_0.1_0,1,0,3,56.4,16,0.4,68,53.2,55.5,61.2,60.4,53,0.1
CAML,3,1_0.1_0,2,0,3,57.7,16.5,0.4,69.3,54.5,56.9,63.9,62.5,53.5,0.1
CAML,3,1_0.1_0,3,0,3,58.9,17,0.5,70.3,55.7,58.2,65.9,64.5,54.2,0.1
CAML,3,1_0.1_0,4,0,3,60,17.6,0.6,71.1,56.8,59.4,67.5,66.3,54.8,0.1
CAML,3,1_0.1_0,5,0,3,61,18.1,0.6,71.6,57.7,60.5,68.7,67.8,55.4,0.1
CAML,3,1_0.1_0,6,0,3,61.9,18.7,0.7,72.1,58.5,61.6,69.7,69.1,56,0.1
CAML,3,1_0.1_0,7,0,3,62.7,20.3,0.8,72.4,59.1,62.5,70.5,69.7,56.9,0
CAML,3,1_0.1_0,8,0,3,63.1,20.6,0.8,72.6,59.6,63.2,71.1,70.7,57,0
CAML,3,1_0.1_0,9,0,3,63.4,20.8,0.8,72.7,60,63.8,71.6,71.5,57,0
CAML,3,1_0.1_0,10,0,3,63.7,21,0.9,72.7,60.2,64.3,71.9,72,57.1,0
CAML,3,1_0.1_0,11,0,3,63.9,21.2,0.9,72.8,60.4,64.7,72.1,72.4,57.2,0
CAML,3,1_0.1_0,12,0,3,64,21.4,0.9,72.7,60.5,64.9,72.2,72.5,57.3,0
CAML,3,1_0.1_0,13,0,3,64.1,21.5,0.9,72.7,60.5,65,72.3,72.3,57.5,0
CAML,3,1_0.1_0,14,0,3,64.2,21.7,0.9,72.6,60.4,65.1,72.3,72.2,57.8,0
CAML,3,1_0.1_0,15,0,3,64.3,21.9,0.9,72.6,60.4,65.1,72.3,72.1,58.1,0
CAML,3,1_0.1_0,16,0,3,64.5,22.1,0.9,72.6,60.4,65,72.3,71.9,58.4,0
CAML,3,1_0.1_0,17,0,3,64.6,22.3,0.9,72.6,60.4,65.1,72.3,71.7,58.8,0
CAML,3,1_0.1_0,18,0,3,64.8,22.6,0.9,72.5,60.4,65,72.3,71.5,59.2,0
CAML,3,1_0.1_0,19,0,3,65,23,0.9,72.5,60.4,65,72.3,71.3,59.7,0
CAML,3,1_0.1_0,20,0,3,65.2,23.4,0.9,72.5,60.4,65,72.3,71.1,60.2,0
CAML,3,1_0.1_0,21,0,3,65.4,23.8,0.9,72.5,60.4,65,72.3,70.8,60.8,0.1
CAML,3,1_0.1_0,22,0,3,65.7,24.3,0.9,72.5,60.4,65,72.3,70.4,61.5,0.1
CAML,3,1_0.1_0,23,0,3,66,25,0.9,72.5,60.4,65,72.3,70.1,62.4,0.1
CAML,3,1_0.1_0,24,0,3,66.4,25.8,1,72.5,60.4,65,72.3,69.6,63.4,0.1
CAML,3,1_0.1_0,25,0,3,66.8,26.8,1,72.5,60.4,65,72.3,69.1,64.6,0.1
CAML,3,1_0.1_0,26,0,3,67.2,28,1,72.5,60.4,65,72.3,68.4,66.1,0.1
CAML,3,1_0.1_0,27,0,3,67.8,29.8,1.1,72.5,60.4,65,72.3,67.5,68.1,0.1
CAML,3,1_0.1_0,28,0,3,68.5,32.8,1.2,72.5,60.4,65,72.3,65.9,71.2,0.1
CAML,3,1_0.1_0,29,0,3,68.8,38.6,1.3,72.5,60.4,65,72.3,62.5,76.5,0.1
CAML,4,1_0.1_0,0,0,4,55.1,15.6,0.3,66.5,51.9,54.2,57,58.1,52.4,0.1
CAML,4,1_0.1_0,1,0,4,56.2,15.9,0.4,67.7,52.9,55.3,60.5,60.2,52.7,0.1
CAML,4,1_0.1_0,2,0,4,57.1,16.1,0.4,68.7,54,56.3,62.9,62.1,52.9,0.1
CAML,4,1_0.1_0,3,0,4,58,16.3,0.5,69.5,54.9,57.3,64.6,63.9,53.1,0.1
CAML,4,1_0.1_0,4,0,4,58.8,16.5,0.5,70.1,55.7,58.3,65.9,65.5,53.4,0.1
CAML,4,1_0.1_0,5,0,4,59.5,16.8,0.6,70.6,56.5,59.1,67,67,53.6,0.1
CAML,4,1_0.1_0,6,0,4,60.1,17.2,0.6,70.9,57.1,59.9,67.9,68.1,53.8,0.1
CAML,4,1_0.1_0,7,0,4,60.5,17.3,0.7,71.1,57.6,60.6,68.6,69.2,53.8,0
CAML,4,1_0.1_0,8,0,4,60.9,17.5,0.7,71.2,58,61.2,69.1,70,53.9,0
CAML,4,1_0.1_0,9,0,4,61.2,17.7,0.7,71.2,58.4,61.7,69.5,70.4,54,0
CAML,4,1_0.1_0,10,0,4,61.3,18.2,0.7,71.3,58.6,62,69.8,70.3,54.4,0
CAML,4,1_0.1_0,11,0,4,61.2,19.2,0.7,71.2,58.7,62.3,70.1,69.7,54.5,0
CAML,4,1_0.1_0,12,0,4,60.9,19,0.7,71.2,58.8,62.5,70.2,69.9,54,0
CAML,4,1_0.1_0,13,0,4,60.7,18.8,0.7,71.1,58.8,62.6,70.3,70.1,53.5,0
CAML,4,1_0.1_0,14,0,4,60.3,18.5,0.7,71,58.7,62.7,70.3,70.1,52.9,0
CAML,4,1_0.1_0,15,0,4,60,18.1,0.7,70.9,58.7,62.7,70.3,70.3,52.4,0
CAML,4,1_0.1_0,16,0,4,59.7,17.8,0.7,70.8,58.6,62.7,70.3,70.3,51.8,0
CAML,4,1_0.1_0,17,0,4,59.3,17.5,0.7,70.7,58.5,62.6,70.2,70.5,51.2,0
CAML,4,1_0.1_0,18,0,4,58.9,17.2,0.7,70.6,58.4,62.6,70.2,70.6,50.6,0
CAML,4,1_0.1_0,19,0,4,58.5,16.9,0.6,70.6,58.4,62.5,70.1,70.6,49.9,0
CAML,4,1_0.1_0,20,0,4,58.1,16.4,0.6,70.5,58.4,62.5,70.1,70.7,49.3,0
CAML,4,1_0.1_0,21,0,4,57.6,16.1,0.6,70.5,58.3,62.4,70.1,70.8,48.6,0
CAML,4,1_0.1_0,22,0,4,57.1,15.6,0.6,70.5,58.3,62.4,70.1,70.8,47.9,0
CAML,4,1_0.1_0,23,0,4,56.6,15.3,0.6,70.4,58.3,62.4,70,70.8,47.1,0
CAML,4,1_0.1_0,24,0,4,56,15,0.6,70.4,58.2,62.3,70,70.7,46.4,0
CAML,4,1_0.1_0,25,0,4,55.5,14.6,0.6,70.4,58.2,62.3,70,70.6,45.7,0
CAML,4,1_0.1_0,26,0,4,55.1,14.1,0.6,70.4,58.2,62.3,70,70.4,45.2,0
CAML,4,1_0.1_0,27,0,4,55.1,14.1,0.6,70.3,58.2,62.3,69.9,70.4,45.2,0
CAML,4,1_0.1_0,28,0,4,55,14.1,0.6,70.3,58.2,62.2,69.9,70.4,45.2,0
CAML,4,1_0.1_0,29,0,4,55,14.1,0.6,70.3,58.1,62.2,69.9,70.4,45.2,0
CAML,5,1_0.1_0,0,0,5,55.1,15.6,0.3,66.5,51.9,54.2,57,58.1,52.4,0.1
CAML,5,1_0.1_0,1,0,5,56,15.8,0.4,67.5,52.8,55.1,60.1,60,52.4,0.1
CAML,5,1_0.1_0,2,0,5,56.8,15.9,0.4,68.3,53.6,56,62.1,61.9,52.5,0.1
CAML,5,1_0.1_0,3,0,5,57.5,15.9,0.4,69,54.4,56.8,63.6,63.5,52.5,0.1
CAML,5,1_0.1_0,4,0,5,58.1,16,0.5,69.5,55.1,57.6,64.8,65,52.5,0.1
CAML,5,1_0.1_0,5,0,5,58.6,16,0.5,69.9,55.7,58.3,65.7,66.4,52.5,0.1
CAML,5,1_0.1_0,6,0,5,59,16.1,0.6,70,56.2,58.9,66.4,67.5,52.4,0.1
CAML,5,1_0.1_0,7,0,5,59.3,16.2,0.6,70.1,56.6,59.4,67,68.5,52.2,0
CAML,5,1_0.1_0,8,0,5,59.4,16.3,0.6,70.2,56.9,59.8,67.5,69.1,52.1,0
CAML,5,1_0.1_0,9,0,5,59.4,16.3,0.7,70.2,57.1,60.2,67.8,69.7,51.8,0
CAML,5,1_0.1_0,10,0,5,59.3,16.1,0.7,70.2,57.3,60.4,68.1,70.1,51.4,0
CAML,5,1_0.1_0,11,0,5,59.2,15.9,0.7,70,57.3,60.6,68.3,70.3,51,0
CAML,5,1_0.1_0,12,0,5,58.9,15.8,0.6,69.9,57.3,60.7,68.4,70.4,50.7,0
CAML,5,1_0.1_0,13,0,5,58.6,15.6,0.6,69.8,57.3,60.8,68.4,70.1,50.4,0
CAML,5,1_0.1_0,14,0,5,58.4,15.4,0.6,69.7,57.2,60.8,68.4,69.7,50.2,0
CAML,5,1_0.1_0,15,0,5,58.1,15.3,0.6,69.5,57,60.7,68.4,69,50.2,0
CAML,5,1_0.1_0,16,0,5,57.4,16,0.6,69.3,56.9,60.6,68.3,66.5,50.6,0.1
CAML,5,1_0.1_0,17,0,5,56.9,16.2,0.5,69.1,56.7,60.5,68.2,66,50,0.1
CAML,5,1_0.1_0,18,0,5,56.4,15.9,0.5,69,56.6,60.3,68.1,65.8,49.4,0.1
CAML,5,1_0.1_0,19,0,5,55.9,15.5,0.5,68.9,56.4,60.2,68,65.5,48.7,0.1
CAML,5,1_0.1_0,20,0,5,55.4,15.1,0.5,68.7,56.3,60,67.9,65.2,48.1,0.1
CAML,5,1_0.1_0,21,0,5,55.2,14.8,0.5,68.7,56.2,59.9,67.8,65,47.9,0.1
CAML,5,1_0.1_0,22,0,5,55.1,14.8,0.5,68.6,56.1,59.8,67.7,64.9,47.8,0.1
CAML,5,1_0.1_0,23,0,5,55,14.8,0.5,68.5,56,59.7,67.6,64.8,47.8,0.1
CAML,5,1_0.1_0,24,0,5,54.9,14.8,0.5,68.4,56,59.6,67.6,64.7,47.7,0.1
CAML,5,1_0.1_0,25,0,5,54.8,14.7,0.5,68.3,55.9,59.5,67.5,64.6,47.6,0.1
CAML,5,1_0.1_0,26,0,5,54.8,14.7,0.5,68.3,55.8,59.5,67.4,64.5,47.6,0.1
CAML,5,1_0.1_0,27,0,5,54.7,14.7,0.5,68.2,55.8,59.4,67.4,64.4,47.5,0.1
CAML,5,1_0.1_0,28,0,5,54.6,14.7,0.5,68.2,55.7,59.3,67.3,64.4,47.5,0.1
CAML,5,1_0.1_0,29,0,5,54.6,14.6,0.5,68.1,55.7,59.3,67.3,64.3,47.4,0.1
LAAT,1,1_0.1_0,0,0,1,57.5,19.4,0.4,68.5,53.9,56.6,59.9,59.8,55.3,0.1
LAAT,1,1_0.1_0,1,0,1,60.5,21.5,0.5,72.3,57,59.7,67.9,63.4,58,0.1
LAAT,1,1_0.1_0,2,0,1,64,24.4,0.7,75.2,60.2,63.3,72.3,66.9,61.2,0.1
LAAT,1,1_0.1_0,3,0,1,68.1,29.1,1,77.2,62.9,67.1,75.4,70.6,65.7,0.1
LAAT,1,1_0.1_0,4,0,1,74.5,40.5,2.3,78.6,65.2,70.9,77.6,74.5,74.4,0.1
LAAT,1,1_0.1_0,5,0,1,80.1,68,8.2,79.4,66.9,74.3,79.3,76.6,83.9,0.1
LAAT,1,1_0.1_0,6,0,1,81,68.6,11.4,79.8,68.1,77.3,80.4,78.6,83.6,0
LAAT,1,1_0.1_0,7,0,1,81.9,69.1,15.4,79.9,68.7,79.9,81,80.5,83.3,0
LAAT,1,1_0.1_0,8,0,1,82.7,69.5,20.7,79.8,68.7,80.2,81.1,82.4,83,0
LAAT,1,1_0.1_0,9,0,1,83.5,69.9,29.2,79.8,68.7,80.2,81.1,84.3,82.7,0
LAAT,1,1_0.1_0,10,0,1,84.2,70.2,42,79.8,68.7,80.2,81.1,86.2,82.3,0
LAAT,1,1_0.1_0,11,0,1,84.8,70.5,59.2,79.8,68.7,80.2,81.1,87.9,81.9,0
LAAT,1,1_0.1_0,12,0,1,84.9,70.6,65.9,79.8,68.7,80.2,81.1,88.3,81.7,0
LAAT,1,1_0.1_0,13,0,1,84.9,70.6,65.9,79.8,68.7,80.2,81.1,88.3,81.7,0
LAAT,1,1_0.1_0,14,0,1,84.9,70.6,65.9,79.8,68.7,80.2,81.1,88.3,81.7,0
LAAT,1,1_0.1_0,15,0,1,84.9,70.6,65.9,79.8,68.7,80.2,81.1,88.3,81.7,0
LAAT,1,1_0.1_0,16,0,1,84.9,70.6,65.9,79.8,68.7,80.2,81.1,88.3,81.7,0
LAAT,1,1_0.1_0,17,0,1,84.9,70.6,65.9,79.8,68.7,80.2,81.1,88.3,81.7,0
LAAT,1,1_0.1_0,18,0,1,84.9,70.6,65.9,79.8,68.7,80.2,81.1,88.3,81.7,0
LAAT,1,1_0.1_0,19,0,1,84.9,70.6,65.9,79.8,68.7,80.2,81.1,88.3,81.7,0
LAAT,1,1_0.1_0,20,0,1,84.9,70.6,65.9,79.8,68.7,80.2,81.1,88.3,81.7,0
LAAT,1,1_0.1_0,21,0,1,84.9,70.6,65.9,79.8,68.7,80.2,81.1,88.3,81.7,0
LAAT,1,1_0.1_0,22,0,1,84.9,70.6,65.9,79.8,68.7,80.2,81.1,88.3,81.7,0
LAAT,1,1_0.1_0,23,0,1,84.9,70.6,65.9,79.8,68.7,80.2,81.1,88.3,81.7,0
LAAT,1,1_0.1_0,24,0,1,84.9,70.6,65.9,79.8,68.7,80.2,81.1,88.3,81.7,0
LAAT,1,1_0.1_0,25,0,1,84.9,70.6,65.9,79.8,68.7,80.2,81.1,88.3,81.7,0
LAAT,1,1_0.1_0,26,0,1,84.9,70.6,65.9,79.8,68.7,80.2,81.1,88.3,81.7,0
LAAT,1,1_0.1_0,27,0,1,84.9,70.6,65.9,79.8,68.7,80.2,81.1,88.3,81.7,0
LAAT,1,1_0.1_0,28,0,1,84.9,70.6,65.9,79.8,68.7,80.2,81.1,88.3,81.7,0
LAAT,1,1_0.1_0,29,0,1,84.9,70.6,65.9,79.8,68.7,80.2,81.1,88.3,81.7,0
LAAT,2,1_0.1_0,0,0,2,57.5,19.4,0.4,68.5,53.9,56.6,59.9,59.8,55.3,0.1
LAAT,2,1_0.1_0,1,0,2,59.2,20.2,0.5,70.8,55.7,58.4,65.5,62.3,56.4,0.1
LAAT,2,1_0.1_0,2,0,2,61,21.4,0.5,72.6,57.6,60.3,68.9,64.8,57.6,0.1
LAAT,2,1_0.1_0,3,0,2,62.7,22.5,0.6,74.1,59.3,62.2,71.3,67.1,58.9,0.1
LAAT,2,1_0.1_0,4,0,2,64.5,24,0.7,75.3,60.8,64.1,73.3,69.3,60.4,0.1
LAAT,2,1_0.1_0,5,0,2,66.1,26,0.8,76.2,62.1,65.8,74.8,71.1,61.7,0.1
LAAT,2,1_0.1_0,6,0,2,67.4,27.4,1,76.9,63.1,67.4,76,72.7,62.8,0
LAAT,2,1_0.1_0,7,0,2,68.7,29,1.2,77.3,63.9,68.8,76.9,74,64.1,0
LAAT,2,1_0.1_0,8,0,2,70.1,31,1.4,77.7,64.5,69.9,77.6,75,65.8,0
LAAT,2,1_0.1_0,9,0,2,71.6,33.6,1.7,77.9,65,70.8,78.1,75.7,68,0
LAAT,2,1_0.1_0,10,0,2,73.4,37.4,2,78,65.3,71.5,78.5,75.7,71.1,0
LAAT,2,1_0.1_0,11,0,2,75.4,44.7,2.9,78.1,65.5,71.9,78.6,74.3,76.7,0.1
LAAT,2,1_0.1_0,12,0,2,75.1,67.5,3.7,78,65.5,72,78.7,65.8,87.5,0.1
LAAT,2,1_0.1_0,13,0,2,75.1,67.5,3.7,78,65.5,72,78.7,65.8,87.5,0.1
LAAT,2,1_0.1_0,14,0,2,75.1,67.5,3.7,78,65.5,72,78.7,65.8,87.5,0.1
LAAT,2,1_0.1_0,15,0,2,75.1,67.5,3.7,78,65.5,72,78.7,65.8,87.5,0.1
LAAT,2,1_0.1_0,16,0,2,75.1,67.5,3.7,78,65.5,72,78.7,65.8,87.5,0.1
LAAT,2,1_0.1_0,17,0,2,75.1,67.5,3.7,78,65.5,72,78.7,65.8,87.5,0.1
LAAT,2,1_0.1_0,18,0,2,75.1,67.5,3.7,78,65.5,72,78.7,65.8,87.5,0.1
LAAT,2,1_0.1_0,19,0,2,75.1,67.5,3.7,78,65.5,72,78.7,65.8,87.5,0.1
LAAT,2,1_0.1_0,20,0,2,75.1,67.5,3.7,78,65.5,72,78.7,65.8,87.5,0.1
LAAT,2,1_0.1_0,21,0,2,75.1,67.5,3.7,78,65.5,72,78.7,65.8,87.5,0.1
LAAT,2,1_0.1_0,22,0,2,75.1,67.5,3.7,78,65.5,72,78.7,65.8,87.5,0.1
LAAT,2,1_0.1_0,23,0,2,75.1,67.5,3.7,78,65.5,72,78.7,65.8,87.5,0.1
LAAT,2,1_0.1_0,24,0,2,75.1,67.5,3.7,78,65.5,72,78.7,65.8,87.5,0.1
LAAT,2,1_0.1_0,25,0,2,75.1,67.5,3.7,78,65.5,72,78.7,65.8,87.5,0.1
LAAT,2,1_0.1_0,26,0,2,75.1,67.5,3.7,78,65.5,72,78.7,65.8,87.5,0.1
LAAT,2,1_0.1_0,27,0,2,75.1,67.5,3.7,78,65.5,72,78.7,65.8,87.5,0.1
LAAT,2,1_0.1_0,28,0,2,75.1,67.5,3.7,78,65.5,72,78.7,65.8,87.5,0.1
LAAT,2,1_0.1_0,29,0,2,75.1,67.5,3.7,78,65.5,72,78.7,65.8,87.5,0.1
LAAT,3,1_0.1_0,0,0,3,57.5,19.4,0.4,68.5,53.9,56.6,59.9,59.8,55.3,0.1
LAAT,3,1_0.1_0,1,0,3,58.8,19.8,0.4,70.2,55.2,57.9,64.3,62,55.9,0.1
LAAT,3,1_0.1_0,2,0,3,60,20.4,0.5,71.5,56.5,59.3,67.1,64,56.4,0.1
LAAT,3,1_0.1_0,3,0,3,61.1,20.9,0.6,72.6,57.8,60.6,69.1,66,56.9,0.1
LAAT,3,1_0.1_0,4,0,3,62.2,21.6,0.7,73.5,58.9,61.8,70.7,67.8,57.5,0.1
LAAT,3,1_0.1_0,5,0,3,63.2,22.2,0.7,74.1,59.9,63,71.9,69.4,58,0.1
LAAT,3,1_0.1_0,6,0,3,64.1,22.8,0.8,74.6,60.7,64.1,73,70.8,58.5,0
LAAT,3,1_0.1_0,7,0,3,64.9,23.7,0.8,75,61.3,65.1,73.8,71.8,59.2,0
LAAT,3,1_0.1_0,8,0,3,65.4,24.9,0.9,75.2,61.9,65.9,74.5,72.5,59.6,0
LAAT,3,1_0.1_0,9,0,3,65.8,25.1,1,75.4,62.3,66.6,75,73.5,59.5,0
LAAT,3,1_0.1_0,10,0,3,66.1,25.3,1.1,75.5,62.6,67.2,75.4,74.3,59.4,0
LAAT,3,1_0.1_0,11,0,3,66.2,25.5,1.1,75.6,62.8,67.7,75.7,74.9,59.4,0
LAAT,3,1_0.1_0,12,0,3,66.3,25.5,1.1,75.6,63,68.1,75.9,75.1,59.3,0
LAAT,3,1_0.1_0,13,0,3,66.3,25.5,1.1,75.6,63.1,68.3,76,75.1,59.3,0
LAAT,3,1_0.1_0,14,0,3,66.3,25.5,1.1,75.5,63.1,68.4,76.1,75.1,59.3,0
LAAT,3,1_0.1_0,15,0,3,66.2,25.5,1.1,75.5,63,68.4,76.1,75.1,59.3,0
LAAT,3,1_0.1_0,16,0,3,66.2,25.5,1.1,75.4,63,68.4,76.1,75,59.3,0
LAAT,3,1_0.1_0,17,0,3,66.2,25.5,1.1,75.4,63,68.4,76.1,75,59.3,0
LAAT,3,1_0.1_0,18,0,3,66.2,25.5,1.1,75.4,63,68.4,76.1,75,59.3,0
LAAT,3,1_0.1_0,19,0,3,66.2,25.5,1.1,75.4,63,68.4,76,75,59.3,0
LAAT,3,1_0.1_0,20,0,3,66.2,25.5,1.1,75.4,63,68.4,76,75,59.3,0
LAAT,3,1_0.1_0,21,0,3,66.2,25.5,1.1,75.4,63,68.3,76,75,59.2,0
LAAT,3,1_0.1_0,22,0,3,66.2,25.5,1.1,75.4,63,68.3,76,75,59.2,0
LAAT,3,1_0.1_0,23,0,3,66.2,25.5,1.1,75.4,63,68.3,76,75,59.2,0
LAAT,3,1_0.1_0,24,0,3,66.2,25.5,1.1,75.4,63,68.3,76,75,59.2,0
LAAT,3,1_0.1_0,25,0,3,66.2,25.5,1.1,75.4,63,68.3,76,75,59.2,0
LAAT,3,1_0.1_0,26,0,3,66.2,25.5,1.1,75.4,63,68.3,76,75,59.2,0
LAAT,3,1_0.1_0,27,0,3,66.2,25.5,1.1,75.4,63,68.3,76,75,59.2,0
LAAT,3,1_0.1_0,28,0,3,66.2,25.5,1.1,75.4,63,68.3,76,75,59.2,0
LAAT,3,1_0.1_0,29,0,3,66.2,25.4,1.1,75.4,63,68.3,76,75,59.2,0
LAAT,4,1_0.1_0,0,0,4,57.5,19.4,0.4,68.5,53.9,56.6,59.9,59.8,55.3,0.1
LAAT,4,1_0.1_0,1,0,4,58.5,19.6,0.4,69.9,55,57.7,63.6,61.8,55.6,0.1
LAAT,4,1_0.1_0,2,0,4,59.4,19.9,0.5,70.9,56,58.7,65.9,63.6,55.7,0.1
LAAT,4,1_0.1_0,3,0,4,60.3,20.2,0.6,71.8,56.9,59.7,67.6,65.4,55.9,0.1
LAAT,4,1_0.1_0,4,0,4,61,20.4,0.6,72.3,57.8,60.7,69,67,56.1,0.1
LAAT,4,1_0.1_0,5,0,4,61.8,20.7,0.7,72.8,58.6,61.5,70,68.5,56.2,0.1
LAAT,4,1_0.1_0,6,0,4,62.4,21.1,0.7,73.1,59.2,62.4,70.9,69.8,56.4,0
LAAT,4,1_0.1_0,7,0,4,62.8,21.3,0.7,73.4,59.8,63.1,71.6,70.9,56.4,0
LAAT,4,1_0.1_0,8,0,4,63.1,21.4,0.7,73.6,60.2,63.7,72.2,71.8,56.3,0
LAAT,4,1_0.1_0,9,0,4,63.4,21.4,0.8,73.7,60.6,64.2,72.7,72.6,56.2,0
LAAT,4,1_0.1_0,10,0,4,63.6,21.6,0.8,73.7,60.8,64.7,73,73.1,56.3,0
LAAT,4,1_0.1_0,11,0,4,63.7,22,0.9,73.7,61,65,73.3,73,56.4,0
LAAT,4,1_0.1_0,12,0,4,63.3,22.8,0.8,73.6,61.1,65.3,73.5,71.8,56.6,0
LAAT,4,1_0.1_0,13,0,4,63,22.4,0.8,73.6,61.1,65.5,73.6,71.9,56,0
LAAT,4,1_0.1_0,14,0,4,62.6,22,0.8,73.5,61.1,65.6,73.7,72,55.4,0
LAAT,4,1_0.1_0,15,0,4,62.3,21.6,0.8,73.3,61.1,65.7,73.7,72.1,54.8,0
LAAT,4,1_0.1_0,16,0,4,61.9,21.2,0.8,73.2,61,65.7,73.7,72.2,54.1,0
LAAT,4,1_0.1_0,17,0,4,61.4,20.7,0.8,73.1,60.8,65.6,73.6,72.3,53.4,0
LAAT,4,1_0.1_0,18,0,4,60.9,20.2,0.7,73.1,60.8,65.5,73.6,72.3,52.6,0
LAAT,4,1_0.1_0,19,0,4,60.4,19.6,0.7,73,60.8,65.5,73.5,72.4,51.8,0
LAAT,4,1_0.1_0,20,0,4,59.8,18.9,0.7,73,60.7,65.5,73.5,72.4,50.9,0
LAAT,4,1_0.1_0,21,0,4,59.1,18.3,0.7,73,60.7,65.4,73.5,72.4,49.9,0
LAAT,4,1_0.1_0,22,0,4,58.2,17.5,0.7,72.9,60.7,65.4,73.4,72.2,48.7,0
LAAT,4,1_0.1_0,23,0,4,57.1,16.4,0.7,72.9,60.6,65.3,73.4,71.9,47.4,0
LAAT,4,1_0.1_0,24,0,4,57,16.3,0.7,72.9,60.6,65.3,73.4,71.8,47.3,0
LAAT,4,1_0.1_0,25,0,4,57,16.3,0.7,72.8,60.6,65.2,73.4,71.8,47.3,0
LAAT,4,1_0.1_0,26,0,4,57,16.3,0.7,72.8,60.5,65.2,73.3,71.7,47.3,0
LAAT,4,1_0.1_0,27,0,4,57,16.3,0.7,72.8,60.5,65.2,73.3,71.7,47.2,0
LAAT,4,1_0.1_0,28,0,4,56.9,16.3,0.7,72.8,60.5,65.2,73.3,71.7,47.2,0
LAAT,4,1_0.1_0,29,0,4,56.9,16.3,0.7,72.7,60.5,65.1,73.3,71.7,47.2,0
LAAT,5,1_0.1_0,0,0,5,57.5,19.4,0.4,68.5,53.9,56.6,59.9,59.8,55.3,0.1
LAAT,5,1_0.1_0,1,0,5,58.3,19.5,0.4,69.7,54.8,57.5,63.1,61.7,55.3,0.1
LAAT,5,1_0.1_0,2,0,5,59.1,19.6,0.5,70.6,55.6,58.4,65.1,63.4,55.3,0.1
LAAT,5,1_0.1_0,3,0,5,59.8,19.7,0.5,71.2,56.4,59.2,66.6,65.1,55.3,0.1
LAAT,5,1_0.1_0,4,0,5,60.4,19.8,0.6,71.7,57.1,60,67.8,66.6,55.2,0.1
LAAT,5,1_0.1_0,5,0,5,60.9,19.9,0.6,72,57.7,60.7,68.7,68,55.1,0.1
LAAT,5,1_0.1_0,6,0,5,61.3,19.9,0.7,72.3,58.3,61.3,69.5,69.2,55,0
LAAT,5,1_0.1_0,7,0,5,61.6,19.9,0.7,72.5,58.7,61.8,70.1,70.3,54.8,0
LAAT,5,1_0.1_0,8,0,5,61.7,19.8,0.7,72.6,59,62.3,70.6,71,54.6,0
LAAT,5,1_0.1_0,9,0,5,61.8,19.8,0.7,72.6,59.3,62.7,71,71.6,54.3,0
LAAT,5,1_0.1_0,10,0,5,61.7,19.6,0.8,72.6,59.5,63,71.2,72.3,53.8,0
LAAT,5,1_0.1_0,11,0,5,61.6,19.4,0.8,72.5,59.6,63.3,71.4,72.8,53.4,0
LAAT,5,1_0.1_0,12,0,5,61.3,19.1,0.7,72.4,59.6,63.4,71.6,72.9,52.9,0
LAAT,5,1_0.1_0,13,0,5,61,18.8,0.7,72.3,59.6,63.5,71.6,72.8,52.5,0
LAAT,5,1_0.1_0,14,0,5,60.6,18.4,0.7,72.1,59.5,63.6,71.7,72.6,52,0
LAAT,5,1_0.1_0,15,0,5,60.2,18,0.7,72,59.5,63.6,71.7,72.3,51.5,0
LAAT,5,1_0.1_0,16,0,5,59.7,17.5,0.7,71.8,59.3,63.5,71.6,71.9,51.1,0
LAAT,5,1_0.1_0,17,0,5,59.2,17,0.7,71.7,59.2,63.4,71.5,71.2,50.6,0
LAAT,5,1_0.1_0,18,0,5,58.5,16.7,0.7,71.5,59,63.3,71.4,70,50.2,0
LAAT,5,1_0.1_0,19,0,5,57.3,17.3,0.6,71.3,58.8,63.1,71.3,66.9,50.2,0
LAAT,5,1_0.1_0,20,0,5,57.2,17.2,0.6,71.2,58.7,63,71.2,66.7,50.1,0
LAAT,5,1_0.1_0,21,0,5,57.1,17.1,0.6,71.1,58.6,62.8,71.1,66.6,50,0.1
LAAT,5,1_0.1_0,22,0,5,57,17.1,0.6,71,58.5,62.7,71,66.4,49.9,0.1
LAAT,5,1_0.1_0,23,0,5,56.9,17.1,0.6,70.9,58.4,62.6,70.9,66.3,49.9,0.1
LAAT,5,1_0.1_0,24,0,5,56.8,17,0.6,70.8,58.3,62.5,70.8,66.2,49.8,0.1
LAAT,5,1_0.1_0,25,0,5,56.7,17,0.6,70.7,58.2,62.4,70.8,66,49.7,0.1
LAAT,5,1_0.1_0,26,0,5,56.7,17,0.6,70.7,58.2,62.3,70.7,65.9,49.7,0.1
LAAT,5,1_0.1_0,27,0,5,56.6,17,0.6,70.6,58.1,62.2,70.6,65.8,49.6,0.1
LAAT,5,1_0.1_0,28,0,5,56.5,16.9,0.6,70.5,58,62.2,70.6,65.7,49.6,0.1
LAAT,5,1_0.1_0,29,0,5,56.5,16.9,0.6,70.5,57.9,62.1,70.5,65.6,49.5,0.1
PLMICD,1,1_0.1_0,0,0,1,59.3,23.5,0.5,70.7,55.8,58.8,63.1,63,56.1,0.1
PLMICD,1,1_0.1_0,1,0,1,62.2,25.6,0.7,75.1,58.8,61.8,70.9,66.7,58.3,0.1
PLMICD,1,1_0.1_0,2,0,1,65.3,28.4,0.9,77.9,62,65.2,75.3,70.4,60.8,0.1
PLMICD,1,1_0.1_0,3,0,1,68.5,32,1.3,79.9,64.9,68.9,78.6,74.1,63.7,0
PLMICD,1,1_0.1_0,4,0,1,72.2,37,2,81.3,67.3,72.9,81.1,77.7,67.5,0
PLMICD,1,1_0.1_0,5,0,1,76.9,45,3.7,82.2,69.3,76.7,83,81.2,73,0
PLMICD,1,1_0.1_0,6,0,1,85.6,76.3,21.3,82.7,70.7,80.3,84.4,83.6,87.7,0
PLMICD,1,1_0.1_0,7,0,1,86.7,76.9,32.3,82.9,71.5,83.8,85.2,86.1,87.4,0
PLMICD,1,1_0.1_0,8,0,1,87.8,77.5,50.9,82.9,71.5,84.2,85.2,88.6,87,0
PLMICD,1,1_0.1_0,9,0,1,88.4,77.8,72.7,82.9,71.5,84.2,85.2,90.4,86.5,0
PLMICD,1,1_0.1_0,10,0,1,88.4,77.8,72.7,82.9,71.5,84.2,85.2,90.4,86.5,0
PLMICD,1,1_0.1_0,11,0,1,88.4,77.8,72.7,82.9,71.5,84.2,85.2,90.4,86.5,0
PLMICD,1,1_0.1_0,12,0,1,88.4,77.8,72.7,82.9,71.5,84.2,85.2,90.4,86.5,0
PLMICD,1,1_0.1_0,13,0,1,88.4,77.8,72.7,82.9,71.5,84.2,85.2,90.4,86.5,0
PLMICD,1,1_0.1_0,14,0,1,88.4,77.8,72.7,82.9,71.5,84.2,85.2,90.4,86.5,0
PLMICD,1,1_0.1_0,15,0,1,88.4,77.8,72.7,82.9,71.5,84.2,85.2,90.4,86.5,0
PLMICD,1,1_0.1_0,16,0,1,88.4,77.8,72.7,82.9,71.5,84.2,85.2,90.4,86.5,0
PLMICD,1,1_0.1_0,17,0,1,88.4,77.8,72.7,82.9,71.5,84.2,85.2,90.4,86.5,0
PLMICD,1,1_0.1_0,18,0,1,88.4,77.8,72.7,82.9,71.5,84.2,85.2,90.4,86.5,0
PLMICD,1,1_0.1_0,19,0,1,88.4,77.8,72.7,82.9,71.5,84.2,85.2,90.4,86.5,0
PLMICD,1,1_0.1_0,20,0,1,88.4,77.8,72.7,82.9,71.5,84.2,85.2,90.4,86.5,0
PLMICD,1,1_0.1_0,21,0,1,88.4,77.8,72.7,82.9,71.5,84.2,85.2,90.4,86.5,0
PLMICD,1,1_0.1_0,22,0,1,88.4,77.8,72.7,82.9,71.5,84.2,85.2,90.4,86.5,0
PLMICD,1,1_0.1_0,23,0,1,88.4,77.8,72.7,82.9,71.5,84.2,85.2,90.4,86.5,0
PLMICD,1,1_0.1_0,24,0,1,88.4,77.8,72.7,82.9,71.5,84.2,85.2,90.4,86.5,0
PLMICD,1,1_0.1_0,25,0,1,88.4,77.8,72.7,82.9,71.5,84.2,85.2,90.4,86.5,0
PLMICD,1,1_0.1_0,26,0,1,88.4,77.8,72.7,82.9,71.5,84.2,85.2,90.4,86.5,0
PLMICD,1,1_0.1_0,27,0,1,88.4,77.8,72.7,82.9,71.5,84.2,85.2,90.4,86.5,0
PLMICD,1,1_0.1_0,28,0,1,88.4,77.8,72.7,82.9,71.5,84.2,85.2,90.4,86.5,0
PLMICD,1,1_0.1_0,29,0,1,88.4,77.8,72.7,82.9,71.5,84.2,85.2,90.4,86.5,0
PLMICD,2,1_0.1_0,0,0,2,59.3,23.5,0.5,70.7,55.8,58.8,63.1,63,56.1,0.1
PLMICD,2,1_0.1_0,1,0,2,60.9,24.3,0.6,73.4,57.5,60.5,68.4,65.7,56.9,0.1
PLMICD,2,1_0.1_0,2,0,2,62.5,25.3,0.7,75.2,59.3,62.3,71.6,68.3,57.7,0.1
PLMICD,2,1_0.1_0,3,0,2,64,26.3,0.8,76.7,61,64.1,74.1,70.8,58.5,0
PLMICD,2,1_0.1_0,4,0,2,65.5,27.4,0.9,77.7,62.5,66,76,73.1,59.3,0
PLMICD,2,1_0.1_0,5,0,2,66.9,28.6,1.1,78.6,63.9,67.7,77.6,75.3,60.2,0
PLMICD,2,1_0.1_0,6,0,2,68.4,30.3,1.2,79.3,65,69.4,78.9,77.4,61.3,0
PLMICD,2,1_0.1_0,7,0,2,69.3,31.2,1.4,79.8,65.9,70.9,79.9,79.2,61.7,0
PLMICD,2,1_0.1_0,8,0,2,70.2,32.1,1.6,80.2,66.6,72.1,80.7,80.7,62.1,0
PLMICD,2,1_0.1_0,9,0,2,70.7,32.9,1.8,80.5,67.2,73.2,81.4,81.4,62.5,0
PLMICD,2,1_0.1_0,10,0,2,71.1,33.6,1.8,80.6,67.6,74.1,81.8,81.2,63.2,0
PLMICD,2,1_0.1_0,11,0,2,71.4,34.4,1.8,80.7,67.8,74.6,82.1,80.9,64,0
PLMICD,2,1_0.1_0,12,0,2,71.9,35.3,1.8,80.7,67.8,74.7,82.1,80.6,64.9,0
PLMICD,2,1_0.1_0,13,0,2,72.3,36.2,1.9,80.7,67.8,74.7,82.1,80.2,65.9,0
PLMICD,2,1_0.1_0,14,0,2,72.9,37.7,2,80.7,67.8,74.7,82.1,79.8,67,0
PLMICD,2,1_0.1_0,15,0,2,73.5,39.1,2.1,80.7,67.8,74.7,82.1,79.3,68.4,0
PLMICD,2,1_0.1_0,16,0,2,74.2,41,2.2,80.7,67.8,74.7,82.1,78.8,70.1,0
PLMICD,2,1_0.1_0,17,0,2,75,43.5,2.4,80.7,67.8,74.7,82.1,78.1,72.2,0
PLMICD,2,1_0.1_0,18,0,2,76,47,2.7,80.7,67.8,74.7,82.1,77.1,75,0
PLMICD,2,1_0.1_0,19,0,2,77.4,53.1,3.3,80.7,67.8,74.7,82.1,75.4,79.6,0.1
PLMICD,2,1_0.1_0,20,0,2,76.7,71.7,3.6,80.7,67.8,74.7,82.1,66.1,91.4,0.1
PLMICD,2,1_0.1_0,21,0,2,76.7,71.7,3.6,80.7,67.8,74.7,82.1,66.1,91.4,0.1
PLMICD,2,1_0.1_0,22,0,2,76.7,71.7,3.6,80.7,67.8,74.7,82.1,66.1,91.4,0.1
PLMICD,2,1_0.1_0,23,0,2,76.7,71.7,3.5,80.7,67.8,74.7,82.1,66.1,91.4,0.1
PLMICD,2,1_0.1_0,24,0,2,76.7,71.7,3.5,80.7,67.8,74.7,82.1,66.1,91.4,0.1
PLMICD,2,1_0.1_0,25,0,2,76.7,71.7,3.5,80.7,67.8,74.7,82.1,66.1,91.4,0.1
PLMICD,2,1_0.1_0,26,0,2,76.7,71.7,3.5,80.7,67.8,74.7,82.1,66.1,91.4,0.1
PLMICD,2,1_0.1_0,27,0,2,76.7,71.7,3.5,80.7,67.8,74.7,82.1,66.1,91.4,0.1
PLMICD,2,1_0.1_0,28,0,2,76.7,71.7,3.5,80.7,67.8,74.7,82.1,66.1,91.4,0.1
PLMICD,2,1_0.1_0,29,0,2,76.7,71.7,3.5,80.7,67.8,74.7,82.1,66.1,91.4,0.1
PLMICD,3,1_0.1_0,0,0,3,59.3,23.5,0.5,70.7,55.8,58.8,63.1,63,56.1,0.1
PLMICD,3,1_0.1_0,1,0,3,60.5,23.8,0.6,72.6,57,60,67.2,65.3,56.3,0.1
PLMICD,3,1_0.1_0,2,0,3,61.5,24.1,0.6,74,58.3,61.3,69.7,67.5,56.5,0.1
PLMICD,3,1_0.1_0,3,0,3,62.5,24.5,0.7,74.9,59.5,62.5,71.6,69.7,56.7,0
PLMICD,3,1_0.1_0,4,0,3,63.4,24.8,0.8,75.6,60.6,63.7,73.2,71.7,56.8,0
PLMICD,3,1_0.1_0,5,0,3,64.2,25.1,0.8,76.2,61.5,64.9,74.4,73.6,56.9,0
PLMICD,3,1_0.1_0,6,0,3,64.9,25.5,0.9,76.7,62.4,65.9,75.5,75.4,57,0
PLMICD,3,1_0.1_0,7,0,3,65.5,25.7,1,77,63.1,67,76.4,77,57,0
PLMICD,3,1_0.1_0,8,0,3,66,25.9,1.1,77.3,63.7,67.9,77.1,78.4,56.9,0
PLMICD,3,1_0.1_0,9,0,3,66.2,26,1.1,77.5,64.1,68.7,77.7,79.1,56.9,0
PLMICD,3,1_0.1_0,10,0,3,66.3,26,1.1,77.6,64.5,69.3,78.1,79,57,0
PLMICD,3,1_0.1_0,11,0,3,66.1,26.4,1.1,77.7,64.8,69.9,78.5,78.4,57.2,0
PLMICD,3,1_0.1_0,12,0,3,65.8,25.8,1.1,77.7,64.9,70.4,78.7,78.6,56.6,0
PLMICD,3,1_0.1_0,13,0,3,65.4,25.2,1.1,77.7,65,70.7,78.9,78.8,55.9,0
PLMICD,3,1_0.1_0,14,0,3,65,24.5,1.1,77.6,65,70.8,79,79.1,55.1,0
PLMICD,3,1_0.1_0,15,0,3,64.4,23.7,1.1,77.6,65,70.7,78.9,79.4,54.2,0
PLMICD,3,1_0.1_0,16,0,3,63.8,22.9,1.1,77.6,64.9,70.7,78.9,79.7,53.2,0
PLMICD,3,1_0.1_0,17,0,3,63.1,22,1.1,77.6,64.9,70.7,78.9,80,52.1,0
PLMICD,3,1_0.1_0,18,0,3,62.2,21,1.1,77.6,64.9,70.7,78.9,80.3,50.8,0
PLMICD,3,1_0.1_0,19,0,3,61,19.8,1.1,77.5,64.9,70.7,78.9,80.6,49.1,0
PLMICD,3,1_0.1_0,20,0,3,59.4,18.5,1.1,77.5,64.9,70.7,78.9,80.7,47,0
PLMICD,3,1_0.1_0,21,0,3,57.5,17.1,1.1,77.5,64.9,70.7,78.9,80.4,44.8,0
PLMICD,3,1_0.1_0,22,0,3,57.5,17.1,1,77.5,64.9,70.7,78.9,80.4,44.8,0
PLMICD,3,1_0.1_0,23,0,3,57.5,17.1,1,77.5,64.9,70.7,78.9,80.3,44.8,0
PLMICD,3,1_0.1_0,24,0,3,57.5,17.1,1,77.5,64.9,70.7,78.9,80.3,44.8,0
PLMICD,3,1_0.1_0,25,0,3,57.5,17.1,1.1,77.5,64.9,70.7,78.9,80.3,44.8,0
PLMICD,3,1_0.1_0,26,0,3,57.5,17.1,1.1,77.5,64.9,70.7,78.9,80.3,44.8,0
PLMICD,3,1_0.1_0,27,0,3,57.5,17.1,1,77.5,64.9,70.6,78.9,80.3,44.8,0
PLMICD,3,1_0.1_0,28,0,3,57.5,17.1,1,77.5,64.9,70.6,78.9,80.3,44.8,0
PLMICD,3,1_0.1_0,29,0,3,57.5,17.1,1,77.5,64.9,70.6,78.9,80.3,44.8,0
PLMICD,4,1_0.1_0,0,0,4,59.3,23.5,0.5,70.7,55.8,58.8,63.1,63,56.1,0.1
PLMICD,4,1_0.1_0,1,0,4,60.2,23.5,0.6,72.2,56.8,59.8,66.5,65.1,56,0.1
PLMICD,4,1_0.1_0,2,0,4,61,23.5,0.6,73.3,57.8,60.8,68.6,67.2,55.9,0.1
PLMICD,4,1_0.1_0,3,0,4,61.7,23.6,0.7,74,58.7,61.7,70.2,69.2,55.8,0
PLMICD,4,1_0.1_0,4,0,4,62.3,23.6,0.8,74.6,59.5,62.6,71.4,71,55.6,0
PLMICD,4,1_0.1_0,5,0,4,62.9,23.5,0.8,74.9,60.3,63.5,72.5,72.8,55.3,0
PLMICD,4,1_0.1_0,6,0,4,63.3,23.4,0.8,75.2,60.9,64.3,73.4,74.4,55,0
PLMICD,4,1_0.1_0,7,0,4,63.6,23.2,0.9,75.5,61.5,65,74.1,75.9,54.7,0
PLMICD,4,1_0.1_0,8,0,4,63.7,23.1,0.9,75.6,61.9,65.6,74.7,77.2,54.2,0
PLMICD,4,1_0.1_0,9,0,4,63.6,22.6,0.9,75.7,62.3,66.2,75.2,77.8,53.8,0
PLMICD,4,1_0.1_0,10,0,4,63.2,21.9,0.9,75.8,62.6,66.7,75.6,78,53.1,0
PLMICD,4,1_0.1_0,11,0,4,62.7,21.2,0.9,75.8,62.7,67,75.9,78.1,52.4,0
PLMICD,4,1_0.1_0,12,0,4,62.1,20.2,0.9,75.7,62.9,67.4,76.1,78.2,51.5,0
PLMICD,4,1_0.1_0,13,0,4,61.4,19.4,0.9,75.7,63,67.6,76.2,78.2,50.5,0
PLMICD,4,1_0.1_0,14,0,4,60.3,18.4,0.8,75.6,63,67.8,76.3,78,49.2,0
PLMICD,4,1_0.1_0,15,0,4,58.8,17.1,0.8,75.5,63,67.9,76.4,77.5,47.4,0
PLMICD,4,1_0.1_0,16,0,4,58.6,16.8,0.8,75.4,62.9,67.8,76.4,77,47.3,0
PLMICD,4,1_0.1_0,17,0,4,58.8,17.1,0.8,75.3,62.7,67.7,76.3,76.6,47.7,0
PLMICD,4,1_0.1_0,18,0,4,58.9,17.4,0.8,75.2,62.7,67.7,76.2,76,48.1,0
PLMICD,4,1_0.1_0,19,0,4,59.1,17.9,0.8,75.2,62.6,67.6,76.2,75.1,48.7,0
PLMICD,4,1_0.1_0,20,0,4,59.1,18.9,0.8,75.1,62.6,67.6,76.2,72.9,49.6,0
PLMICD,4,1_0.1_0,21,0,4,59,18.9,0.8,75.1,62.6,67.5,76.1,72.8,49.6,0
PLMICD,4,1_0.1_0,22,0,4,59,18.9,0.8,75,62.5,67.5,76.1,72.8,49.6,0
PLMICD,4,1_0.1_0,23,0,4,58.9,18.8,0.8,75,62.5,67.4,76.1,72.7,49.6,0
PLMICD,4,1_0.1_0,24,0,4,58.9,18.8,0.8,75,62.4,67.4,76,72.6,49.6,0
PLMICD,4,1_0.1_0,25,0,4,58.9,18.8,0.8,74.9,62.4,67.4,76,72.5,49.6,0
PLMICD,4,1_0.1_0,26,0,4,58.9,18.8,0.8,74.9,62.4,67.3,76,72.5,49.5,0
PLMICD,4,1_0.1_0,27,0,4,58.8,18.8,0.8,74.9,62.3,67.3,75.9,72.4,49.5,0
PLMICD,4,1_0.1_0,28,0,4,58.8,18.8,0.8,74.8,62.3,67.2,75.9,72.4,49.5,0
PLMICD,4,1_0.1_0,29,0,4,58.8,18.8,0.8,74.8,62.3,67.2,75.9,72.3,49.5,0
PLMICD,5,1_0.1_0,0,0,5,59.3,23.5,0.5,70.7,55.8,58.8,63.1,63,56.1,0.1
PLMICD,5,1_0.1_0,1,0,5,60.1,23.4,0.5,72,56.6,59.6,66,65,55.8,0.1
PLMICD,5,1_0.1_0,2,0,5,60.7,23.2,0.6,72.8,57.4,60.4,67.8,66.9,55.5,0.1
PLMICD,5,1_0.1_0,3,0,5,61.3,23.1,0.7,73.4,58.2,61.2,69.1,68.8,55.2,0.1
PLMICD,5,1_0.1_0,4,0,5,61.7,22.9,0.7,73.8,58.8,61.9,70.2,70.6,54.8,0
PLMICD,5,1_0.1_0,5,0,5,62,22.6,0.8,74.1,59.4,62.7,71.1,72.3,54.3,0
PLMICD,5,1_0.1_0,6,0,5,62.3,22.2,0.8,74.3,60,63.3,71.8,73.8,53.9,0
PLMICD,5,1_0.1_0,7,0,5,62.4,21.8,0.8,74.4,60.4,63.8,72.4,75.3,53.3,0
PLMICD,5,1_0.1_0,8,0,5,62.3,21.2,0.8,74.5,60.7,64.3,72.9,76.5,52.6,0
PLMICD,5,1_0.1_0,9,0,5,62,20.5,0.9,74.5,61,64.7,73.3,77.3,51.7,0
PLMICD,5,1_0.1_0,10,0,5,61.3,19.5,0.8,74.5,61.2,65,73.6,77.4,50.8,0
PLMICD,5,1_0.1_0,11,0,5,60.5,18.4,0.9,74.4,61.3,65.3,73.9,77.5,49.7,0
PLMICD,5,1_0.1_0,12,0,5,59.5,17.2,0.8,74.3,61.4,65.5,74,77.3,48.4,0
PLMICD,5,1_0.1_0,13,0,5,58,15.7,0.7,74.2,61.4,65.5,74.1,76.6,46.7,0
PLMICD,5,1_0.1_0,14,0,5,57.5,15.1,0.7,74,61.3,65.6,74.2,76.4,46,0
PLMICD,5,1_0.1_0,15,0,5,57.3,15,0.7,73.9,61.3,65.6,74.2,76.4,45.8,0
PLMICD,5,1_0.1_0,16,0,5,57.1,14.8,0.7,73.7,61.1,65.5,74.1,76.3,45.7,0
PLMICD,5,1_0.1_0,17,0,5,57,14.7,0.7,73.5,61,65.4,74,76.3,45.5,0
PLMICD,5,1_0.1_0,18,0,5,56.8,14.6,0.7,73.3,60.8,65.2,73.9,76.3,45.3,0
PLMICD,5,1_0.1_0,19,0,5,56.7,14.4,0.7,73.1,60.5,65,73.7,76.3,45.1,0
PLMICD,5,1_0.1_0,20,0,5,56.5,14.3,0.7,73,60.4,64.9,73.6,76.4,44.9,0
PLMICD,5,1_0.1_0,21,0,5,56.3,14.2,0.7,72.9,60.3,64.7,73.5,76.4,44.6,0
PLMICD,5,1_0.1_0,22,0,5,56.1,14.1,0.7,72.8,60.2,64.6,73.4,76.4,44.4,0
PLMICD,5,1_0.1_0,23,0,5,56,13.9,0.7,72.7,60.1,64.5,73.3,76.5,44.1,0
PLMICD,5,1_0.1_0,24,0,5,55.7,13.7,0.7,72.6,60,64.4,73.2,76.5,43.8,0
PLMICD,5,1_0.1_0,25,0,5,55.5,13.5,0.7,72.5,59.9,64.3,73.2,76.6,43.5,0
PLMICD,5,1_0.1_0,26,0,5,55.3,13.3,0.7,72.5,59.8,64.2,73.1,76.7,43.2,0
PLMICD,5,1_0.1_0,27,0,5,55,13.1,0.7,72.4,59.7,64.1,73,76.8,42.9,0
PLMICD,5,1_0.1_0,28,0,5,54.7,12.9,0.7,72.3,59.7,64,72.9,76.8,42.4,0
PLMICD,5,1_0.1_0,29,0,5,54.3,12.5,0.7,72.3,59.6,64,72.9,76.9,41.9,0
MultiResCNN,1,1_0.1_0,0,0,1,56.7,20.4,0.4,67.6,53.3,55.8,58.9,59.4,54.2,0.1
MultiResCNN,1,1_0.1_0,1,0,1,59.1,21.9,0.5,72.2,56.1,58.4,66.9,62.7,55.9,0.1
MultiResCNN,1,1_0.1_0,2,0,1,61.7,23.9,0.6,75.1,59,61.4,71,66.1,57.9,0.1
MultiResCNN,1,1_0.1_0,3,0,1,64.5,26.5,0.8,77,61.8,64.7,74,69.6,60.2,0.1
MultiResCNN,1,1_0.1_0,4,0,1,67.9,30.1,1.2,78.4,64.1,68.3,76.5,73.3,63.2,0
MultiResCNN,1,1_0.1_0,5,0,1,72.1,35.8,2,79.3,66.1,71.8,78.4,77.2,67.7,0
MultiResCNN,1,1_0.1_0,6,0,1,81.9,70.6,14.4,79.9,67.8,75.6,80,79.9,84,0
MultiResCNN,1,1_0.1_0,7,0,1,83,71.3,22.4,80,68.9,79.7,81.1,82.4,83.6,0
MultiResCNN,1,1_0.1_0,8,0,1,84.2,71.9,37.5,80,69,80.5,81.2,85.3,83.1,0
MultiResCNN,1,1_0.1_0,9,0,1,85.2,72.3,66.7,80,69,80.5,81.2,88.2,82.3,0
MultiResCNN,1,1_0.1_0,10,0,1,85.2,72.3,66.7,80,69,80.5,81.2,88.2,82.3,0
MultiResCNN,1,1_0.1_0,11,0,1,85.2,72.3,66.7,80,69,80.5,81.2,88.2,82.3,0
MultiResCNN,1,1_0.1_0,12,0,1,85.2,72.3,66.7,80,69,80.5,81.2,88.2,82.3,0
MultiResCNN,1,1_0.1_0,13,0,1,85.2,72.3,66.7,80,69,80.5,81.2,88.2,82.3,0
MultiResCNN,1,1_0.1_0,14,0,1,85.2,72.3,66.7,80,69,80.5,81.2,88.2,82.3,0
MultiResCNN,1,1_0.1_0,15,0,1,85.2,72.3,66.7,80,69,80.5,81.2,88.2,82.3,0
MultiResCNN,1,1_0.1_0,16,0,1,85.2,72.3,66.7,80,69,80.5,81.2,88.2,82.3,0
MultiResCNN,1,1_0.1_0,17,0,1,85.2,72.3,66.7,80,69,80.5,81.2,88.2,82.3,0
MultiResCNN,1,1_0.1_0,18,0,1,85.2,72.3,66.7,80,69,80.5,81.2,88.2,82.3,0
MultiResCNN,1,1_0.1_0,19,0,1,85.2,72.3,66.7,80,69,80.5,81.2,88.2,82.3,0
MultiResCNN,1,1_0.1_0,20,0,1,85.2,72.3,66.7,80,69,80.5,81.2,88.2,82.3,0
MultiResCNN,1,1_0.1_0,21,0,1,85.2,72.3,66.7,80,69,80.5,81.2,88.2,82.3,0
MultiResCNN,1,1_0.1_0,22,0,1,85.2,72.3,66.7,80,69,80.5,81.2,88.2,82.3,0
MultiResCNN,1,1_0.1_0,23,0,1,85.2,72.3,66.7,80,69,80.5,81.2,88.2,82.3,0
MultiResCNN,1,1_0.1_0,24,0,1,85.2,72.3,66.7,80,69,80.5,81.2,88.2,82.3,0
MultiResCNN,1,1_0.1_0,25,0,1,85.2,72.3,66.7,80,69,80.5,81.2,88.2,82.3,0
MultiResCNN,1,1_0.1_0,26,0,1,85.2,72.3,66.7,80,69,80.5,81.2,88.2,82.3,0
MultiResCNN,1,1_0.1_0,27,0,1,85.2,72.3,66.7,80,69,80.5,81.2,88.2,82.3,0
MultiResCNN,1,1_0.1_0,28,0,1,85.2,72.3,66.7,80,69,80.5,81.2,88.2,82.3,0
MultiResCNN,1,1_0.1_0,29,0,1,85.2,72.3,66.7,80,69,80.5,81.2,88.2,82.3,0
MultiResCNN,2,1_0.1_0,0,0,2,56.7,20.4,0.4,67.6,53.3,55.8,58.9,59.4,54.2,0.1
MultiResCNN,2,1_0.1_0,1,0,2,58.1,21,0.4,70.5,54.9,57.3,64.7,61.9,54.8,0.1
MultiResCNN,2,1_0.1_0,2,0,2,59.5,21.7,0.5,72.4,56.6,59,67.8,64.4,55.3,0.1
MultiResCNN,2,1_0.1_0,3,0,2,60.9,22.4,0.6,73.8,58.2,60.6,70.1,66.9,55.9,0.1
MultiResCNN,2,1_0.1_0,4,0,2,62.3,23.3,0.7,74.9,59.7,62.4,72,69.4,56.6,0
MultiResCNN,2,1_0.1_0,5,0,2,63.8,24.1,0.8,75.8,61,64,73.5,71.9,57.3,0
MultiResCNN,2,1_0.1_0,6,0,2,65.4,25.9,1,76.5,62.2,65.6,74.8,74.2,58.5,0
MultiResCNN,2,1_0.1_0,7,0,2,66.4,26.7,1.1,77,63.1,67.1,75.9,76.3,58.8,0
MultiResCNN,2,1_0.1_0,8,0,2,67.3,27.4,1.3,77.4,63.9,68.5,76.8,78.3,59,0
MultiResCNN,2,1_0.1_0,9,0,2,68,28.3,1.4,77.7,64.6,69.7,77.5,79.8,59.3,0
MultiResCNN,2,1_0.1_0,10,0,2,68.3,28.8,1.5,77.9,65.1,70.8,78.1,79.6,59.9,0
MultiResCNN,2,1_0.1_0,11,0,2,68.7,29.5,1.5,78,65.4,71.6,78.5,79.4,60.5,0
MultiResCNN,2,1_0.1_0,12,0,2,69,30.1,1.5,78,65.4,71.8,78.5,79.1,61.2,0
MultiResCNN,2,1_0.1_0,13,0,2,69.4,30.8,1.6,78,65.4,71.8,78.5,78.8,62.1,0
MultiResCNN,2,1_0.1_0,14,0,2,69.9,31.7,1.6,78,65.4,71.8,78.5,78.5,63,0
MultiResCNN,2,1_0.1_0,15,0,2,70.5,32.8,1.7,78,65.4,71.8,78.5,78.2,64.2,0
MultiResCNN,2,1_0.1_0,16,0,2,71.2,34.3,1.7,78,65.4,71.8,78.5,77.8,65.6,0
MultiResCNN,2,1_0.1_0,17,0,2,72,36.1,1.9,78,65.4,71.8,78.5,77.2,67.4,0
MultiResCNN,2,1_0.1_0,18,0,2,73,38.7,2,78,65.4,71.8,78.5,76.6,69.8,0
MultiResCNN,2,1_0.1_0,19,0,2,74.5,43.1,2.3,78,65.4,71.8,78.5,75.3,73.7,0
MultiResCNN,2,1_0.1_0,20,0,2,75,67.9,3.5,78,65.4,71.8,78.5,65.4,88,0.1
MultiResCNN,2,1_0.1_0,21,0,2,75,67.9,3.5,78,65.4,71.8,78.5,65.4,88,0.1
MultiResCNN,2,1_0.1_0,22,0,2,75,67.9,3.4,78,65.4,71.8,78.5,65.4,88,0.1
MultiResCNN,2,1_0.1_0,23,0,2,75,67.9,3.4,78,65.4,71.8,78.5,65.4,88,0.1
MultiResCNN,2,1_0.1_0,24,0,2,75,67.9,3.4,78,65.4,71.8,78.5,65.4,88,0.1
MultiResCNN,2,1_0.1_0,25,0,2,75,67.9,3.5,78,65.4,71.8,78.5,65.4,88,0.1
MultiResCNN,2,1_0.1_0,26,0,2,75,67.9,3.5,78,65.4,71.8,78.5,65.4,88,0.1
MultiResCNN,2,1_0.1_0,27,0,2,75,67.9,3.4,78,65.4,71.8,78.5,65.4,88,0.1
MultiResCNN,2,1_0.1_0,28,0,2,75,67.9,3.4,78,65.4,71.8,78.5,65.4,88,0.1
MultiResCNN,2,1_0.1_0,29,0,2,75,67.9,3.4,78,65.4,71.7,78.5,65.4,88,0.1
MultiResCNN,3,1_0.1_0,0,0,3,56.7,20.4,0.4,67.6,53.3,55.8,58.9,59.4,54.2,0.1
MultiResCNN,3,1_0.1_0,1,0,3,57.7,20.7,0.4,69.7,54.4,56.9,63.5,61.6,54.3,0.1
MultiResCNN,3,1_0.1_0,2,0,3,58.7,21,0.5,71.1,55.7,58.1,66,63.8,54.4,0.1
MultiResCNN,3,1_0.1_0,3,0,3,59.7,21.3,0.5,72.1,56.8,59.3,67.9,65.9,54.5,0.1
MultiResCNN,3,1_0.1_0,4,0,3,60.6,21.6,0.6,72.9,57.9,60.4,69.4,68.1,54.5,0.1
MultiResCNN,3,1_0.1_0,5,0,3,61.4,21.9,0.7,73.4,58.9,61.6,70.6,70.2,54.6,0
MultiResCNN,3,1_0.1_0,6,0,3,62.2,22.2,0.7,73.9,59.7,62.6,71.7,72.2,54.6,0
MultiResCNN,3,1_0.1_0,7,0,3,62.8,22.4,0.8,74.3,60.5,63.7,72.6,74.1,54.5,0
MultiResCNN,3,1_0.1_0,8,0,3,63.4,22.6,0.8,74.6,61.1,64.6,73.4,75.8,54.5,0
MultiResCNN,3,1_0.1_0,9,0,3,63.8,22.7,0.9,74.9,61.7,65.5,74,77.1,54.3,0
MultiResCNN,3,1_0.1_0,10,0,3,63.8,22.8,0.9,75,62.1,66.2,74.6,77.1,54.4,0
MultiResCNN,3,1_0.1_0,11,0,3,64,23.7,0.9,75.1,62.4,66.8,75,76.5,54.9,0
MultiResCNN,3,1_0.1_0,12,0,3,63.6,23.2,0.9,75.2,62.7,67.4,75.3,76.8,54.3,0
MultiResCNN,3,1_0.1_0,13,0,3,63.3,22.8,0.9,75.2,62.8,67.8,75.6,77.1,53.7,0
MultiResCNN,3,1_0.1_0,14,0,3,62.9,22.2,0.9,75.2,62.9,68,75.7,77.3,52.9,0
MultiResCNN,3,1_0.1_0,15,0,3,62.4,21.7,0.9,75.1,62.8,68.1,75.7,77.7,52.2,0
MultiResCNN,3,1_0.1_0,16,0,3,61.9,21.1,0.9,75.1,62.8,68.1,75.7,78,51.3,0
MultiResCNN,3,1_0.1_0,17,0,3,61.2,20.3,0.9,75.1,62.8,68,75.7,78.4,50.2,0
MultiResCNN,3,1_0.1_0,18,0,3,60.4,19.5,0.9,75.1,62.8,68,75.7,78.8,49,0
MultiResCNN,3,1_0.1_0,19,0,3,59.4,18.5,0.9,75.1,62.8,68,75.7,79.2,47.5,0
MultiResCNN,3,1_0.1_0,20,0,3,58,17.3,0.9,75.1,62.8,68,75.7,79.6,45.6,0
MultiResCNN,3,1_0.1_0,21,0,3,55.7,15.4,0.9,75.1,62.8,68,75.7,79.4,42.8,0
MultiResCNN,3,1_0.1_0,22,0,3,55.7,15.4,0.9,75.1,62.8,68,75.7,79.4,42.8,0
MultiResCNN,3,1_0.1_0,23,0,3,55.6,15.4,0.9,75.1,62.8,68,75.7,79.4,42.8,0
MultiResCNN,3,1_0.1_0,24,0,3,55.6,15.4,0.9,75.1,62.8,68,75.7,79.4,42.8,0
MultiResCNN,3,1_0.1_0,25,0,3,55.6,15.4,0.9,75.1,62.8,68,75.7,79.3,42.8,0
MultiResCNN,3,1_0.1_0,26,0,3,55.6,15.4,0.9,75.1,62.8,68,75.7,79.3,42.8,0
MultiResCNN,3,1_0.1_0,27,0,3,55.6,15.4,0.9,75.1,62.8,68,75.7,79.3,42.8,0
MultiResCNN,3,1_0.1_0,28,0,3,55.6,15.4,0.9,75.1,62.8,68,75.7,79.3,42.8,0
MultiResCNN,3,1_0.1_0,29,0,3,55.6,15.4,0.8,75.1,62.7,68,75.7,79.3,42.8,0
MultiResCNN,4,1_0.1_0,0,0,4,56.7,20.4,0.4,67.6,53.3,55.8,58.9,59.4,54.2,0.1
MultiResCNN,4,1_0.1_0,1,0,4,57.5,20.5,0.4,69.3,54.2,56.7,62.8,61.5,54,0.1
MultiResCNN,4,1_0.1_0,2,0,4,58.3,20.6,0.4,70.4,55.2,57.6,64.9,63.4,53.9,0.1
MultiResCNN,4,1_0.1_0,3,0,4,59,20.7,0.5,71.2,56.1,58.5,66.5,65.4,53.6,0.1
MultiResCNN,4,1_0.1_0,4,0,4,59.6,20.6,0.5,71.8,56.9,59.4,67.7,67.4,53.4,0.1
MultiResCNN,4,1_0.1_0,5,0,4,60.1,20.6,0.6,72.2,57.6,60.3,68.7,69.3,53.1,0
MultiResCNN,4,1_0.1_0,6,0,4,60.6,20.6,0.6,72.5,58.3,61.1,69.6,71.2,52.8,0
MultiResCNN,4,1_0.1_0,7,0,4,61,20.6,0.7,72.8,58.9,61.9,70.4,72.9,52.4,0
MultiResCNN,4,1_0.1_0,8,0,4,61.3,20.5,0.7,73,59.4,62.6,71.1,74.5,52,0
MultiResCNN,4,1_0.1_0,9,0,4,61.3,20.5,0.7,73.1,59.8,63.2,71.6,75.7,51.6,0
MultiResCNN,4,1_0.1_0,10,0,4,60.9,19.9,0.7,73.2,60.2,63.7,72,75.9,50.9,0
MultiResCNN,4,1_0.1_0,11,0,4,60.5,19.3,0.7,73.2,60.4,64.2,72.4,76.1,50.2,0
MultiResCNN,4,1_0.1_0,12,0,4,59.9,18.5,0.7,73.2,60.6,64.5,72.7,76.4,49.3,0
MultiResCNN,4,1_0.1_0,13,0,4,59.3,17.7,0.7,73.2,60.7,64.9,72.9,76.5,48.4,0
MultiResCNN,4,1_0.1_0,14,0,4,58.4,16.7,0.7,73.1,60.8,65.1,73.1,76.6,47.2,0
MultiResCNN,4,1_0.1_0,15,0,4,57,15.4,0.7,73.1,60.8,65.3,73.2,76.4,45.4,0
MultiResCNN,4,1_0.1_0,16,0,4,56.4,14.7,0.7,73,60.8,65.4,73.2,75.9,44.9,0
MultiResCNN,4,1_0.1_0,17,0,4,56.5,14.9,0.7,72.8,60.6,65.3,73.2,75.6,45.2,0
MultiResCNN,4,1_0.1_0,18,0,4,56.8,15.2,0.7,72.8,60.6,65.2,73.2,75.1,45.6,0
MultiResCNN,4,1_0.1_0,19,0,4,57,15.6,0.7,72.7,60.5,65.2,73.1,74.5,46.2,0
MultiResCNN,4,1_0.1_0,20,0,4,57.2,17,0.7,72.7,60.5,65.1,73.1,72.1,47.4,0
MultiResCNN,4,1_0.1_0,21,0,4,57.1,17,0.7,72.7,60.5,65.1,73,72,47.4,0
MultiResCNN,4,1_0.1_0,22,0,4,57.1,17,0.7,72.6,60.4,65,73,71.9,47.3,0
MultiResCNN,4,1_0.1_0,23,0,4,57.1,17,0.7,72.6,60.4,65,73,71.9,47.3,0
MultiResCNN,4,1_0.1_0,24,0,4,57.1,17,0.7,72.6,60.3,64.9,73,71.8,47.3,0
MultiResCNN,4,1_0.1_0,25,0,4,57,17,0.7,72.5,60.3,64.9,72.9,71.7,47.3,0
MultiResCNN,4,1_0.1_0,26,0,4,57,16.9,0.7,72.5,60.3,64.9,72.9,71.6,47.3,0
MultiResCNN,4,1_0.1_0,27,0,4,57,16.9,0.7,72.5,60.3,64.8,72.9,71.6,47.3,0
MultiResCNN,4,1_0.1_0,28,0,4,56.9,16.9,0.7,72.4,60.2,64.8,72.8,71.5,47.3,0
MultiResCNN,4,1_0.1_0,29,0,4,56.9,16.9,0.7,72.4,60.2,64.8,72.8,71.4,47.3,0
MultiResCNN,5,1_0.1_0,0,0,5,56.7,20.4,0.4,67.6,53.3,55.8,58.9,59.4,54.2,0.1
MultiResCNN,5,1_0.1_0,1,0,5,57.4,20.4,0.4,69,54.1,56.6,62.3,61.3,53.9,0.1
MultiResCNN,5,1_0.1_0,2,0,5,58,20.4,0.4,70,54.9,57.3,64.1,63.3,53.6,0.1
MultiResCNN,5,1_0.1_0,3,0,5,58.6,20.2,0.5,70.6,55.6,58.1,65.5,65.2,53.2,0.1
MultiResCNN,5,1_0.1_0,4,0,5,59,20.1,0.5,71,56.3,58.8,66.6,67,52.8,0.1
MultiResCNN,5,1_0.1_0,5,0,5,59.4,19.9,0.6,71.4,56.9,59.5,67.4,68.9,52.3,0
MultiResCNN,5,1_0.1_0,6,0,5,59.7,19.8,0.6,71.6,57.5,60.2,68.2,70.6,51.8,0
MultiResCNN,5,1_0.1_0,7,0,5,59.9,19.6,0.6,71.8,57.9,60.8,68.8,72.3,51.2,0
MultiResCNN,5,1_0.1_0,8,0,5,60,19.3,0.7,71.9,58.3,61.3,69.4,73.8,50.5,0
MultiResCNN,5,1_0.1_0,9,0,5,59.8,18.8,0.7,72,58.6,61.8,69.8,75,49.7,0
MultiResCNN,5,1_0.1_0,10,0,5,59.3,18,0.7,72,58.9,62.2,70.2,75.3,48.8,0
MultiResCNN,5,1_0.1_0,11,0,5,58.6,17,0.6,72,59.1,62.5,70.5,75.5,47.9,0
MultiResCNN,5,1_0.1_0,12,0,5,57.7,15.9,0.6,71.9,59.2,62.8,70.7,75.6,46.7,0
MultiResCNN,5,1_0.1_0,13,0,5,56.4,14.7,0.6,71.8,59.2,63,70.9,75.1,45.2,0
MultiResCNN,5,1_0.1_0,14,0,5,55.6,13.7,0.6,71.7,59.2,63.1,71,74.9,44.2,0
MultiResCNN,5,1_0.1_0,15,0,5,55.4,13.7,0.6,71.5,59.2,63.2,71,74.8,44,0
MultiResCNN,5,1_0.1_0,16,0,5,55.3,13.5,0.6,71.4,59.1,63.2,71.1,74.7,43.9,0
MultiResCNN,5,1_0.1_0,17,0,5,55.1,13.4,0.6,71.2,59,63.1,71,74.7,43.7,0
MultiResCNN,5,1_0.1_0,18,0,5,55,13.3,0.6,71,58.8,63,71,74.7,43.5,0
MultiResCNN,5,1_0.1_0,19,0,5,54.8,13.2,0.6,70.9,58.6,62.8,70.8,74.7,43.3,0
MultiResCNN,5,1_0.1_0,20,0,5,54.7,13.1,0.6,70.7,58.5,62.7,70.7,74.7,43.1,0
MultiResCNN,5,1_0.1_0,21,0,5,54.5,13,0.6,70.6,58.4,62.5,70.6,74.7,42.9,0
MultiResCNN,5,1_0.1_0,22,0,5,54.3,12.8,0.6,70.5,58.2,62.4,70.5,74.7,42.7,0
MultiResCNN,5,1_0.1_0,23,0,5,54.1,12.7,0.6,70.4,58.1,62.3,70.4,74.8,42.4,0
MultiResCNN,5,1_0.1_0,24,0,5,53.9,12.6,0.6,70.3,58,62.2,70.3,74.9,42.1,0
MultiResCNN,5,1_0.1_0,25,0,5,53.7,12.5,0.6,70.3,57.9,62,70.3,74.9,41.9,0
MultiResCNN,5,1_0.1_0,26,0,5,53.5,12.3,0.6,70.2,57.9,61.9,70.2,75,41.5,0
MultiResCNN,5,1_0.1_0,27,0,5,53.2,12.1,0.5,70.1,57.8,61.9,70.1,75.1,41.2,0
MultiResCNN,5,1_0.1_0,28,0,5,52.9,11.8,0.6,70,57.7,61.8,70.1,75.2,40.8,0
MultiResCNN,5,1_0.1_0,29,0,5,52.6,11.6,0.5,70,57.6,61.7,70,75.4,40.4,0
VanillaRNN,1,1_0.1_0,0,0,1,49.3,9.4,0.4,62,47,49,50.3,57,43.5,0.1
VanillaRNN,1,1_0.1_0,1,0,1,51.3,10,0.5,63.7,49.1,51.2,55.2,59.6,45,0.1
VanillaRNN,1,1_0.1_0,2,0,1,53.7,11.1,0.7,65.1,50.8,53.4,57.6,62.2,47.2,0.1
VanillaRNN,1,1_0.1_0,3,0,1,57.3,14.6,1.1,65.8,52.1,55.6,59.1,64.1,51.7,0.1
VanillaRNN,1,1_0.1_0,4,0,1,60.8,34.3,5,66,52.9,57.4,59.9,62.8,58.8,0.1
VanillaRNN,1,1_0.1_0,5,0,1,61,34.3,6.4,65.9,53.4,58.8,60.4,64.2,58.1,0.1
VanillaRNN,1,1_0.1_0,6,0,1,61.1,34.3,8.3,65.6,53.6,59.7,60.7,65.4,57.4,0.1
VanillaRNN,1,1_0.1_0,7,0,1,61.2,34.3,10.4,65.4,53.6,60.2,60.7,66.5,56.8,0.1
VanillaRNN,1,1_0.1_0,8,0,1,61.3,34.3,13.1,65.4,53.6,60.2,60.7,67.5,56.1,0.1
VanillaRNN,1,1_0.1_0,9,0,1,61.2,34.3,16.2,65.4,53.6,60.2,60.7,68.3,55.5,0.1
VanillaRNN,1,1_0.1_0,10,0,1,61.2,34.3,19.6,65.4,53.6,60.2,60.7,69,54.9,0
VanillaRNN,1,1_0.1_0,11,0,1,61,34.2,23.7,65.4,53.6,60.2,60.7,69.6,54.3,0
VanillaRNN,1,1_0.1_0,12,0,1,60.8,34.2,28,65.4,53.6,60.2,60.7,70,53.8,0
VanillaRNN,1,1_0.1_0,13,0,1,60.6,34.2,32.1,65.4,53.6,60.2,60.7,70.2,53.3,0
VanillaRNN,1,1_0.1_0,14,0,1,60.5,34.1,33,65.4,53.6,60.2,60.7,70.2,53.1,0
VanillaRNN,1,1_0.1_0,15,0,1,60.5,34.1,33,65.4,53.6,60.2,60.7,70.2,53.1,0
VanillaRNN,1,1_0.1_0,16,0,1,60.5,34.1,33,65.4,53.6,60.2,60.7,70.2,53.1,0
VanillaRNN,1,1_0.1_0,17,0,1,60.5,34.1,33,65.4,53.6,60.2,60.7,70.2,53.1,0
VanillaRNN,1,1_0.1_0,18,0,1,60.5,34.1,33,65.4,53.6,60.2,60.7,70.2,53.1,0
VanillaRNN,1,1_0.1_0,19,0,1,60.5,34.1,33,65.4,53.6,60.2,60.7,70.2,53.1,0
VanillaRNN,1,1_0.1_0,20,0,1,60.5,34.1,33,65.4,53.6,60.2,60.7,70.2,53.1,0
VanillaRNN,1,1_0.1_0,21,0,1,60.5,34.1,33,65.4,53.6,60.2,60.7,70.2,53.1,0
VanillaRNN,1,1_0.1_0,22,0,1,60.5,34.1,33,65.4,53.6,60.2,60.7,70.2,53.1,0
VanillaRNN,1,1_0.1_0,23,0,1,60.5,34.1,33,65.4,53.6,60.2,60.7,70.2,53.1,0
VanillaRNN,1,1_0.1_0,24,0,1,60.5,34.1,33,65.4,53.6,60.2,60.7,70.2,53.1,0
VanillaRNN,1,1_0.1_0,25,0,1,60.5,34.1,33,65.4,53.6,60.2,60.7,70.2,53.1,0
VanillaRNN,1,1_0.1_0,26,0,1,60.5,34.1,33,65.4,53.6,60.2,60.7,70.2,53.1,0
VanillaRNN,1,1_0.1_0,27,0,1,60.5,34.1,33,65.4,53.6,60.2,60.7,70.2,53.1,0
VanillaRNN,1,1_0.1_0,28,0,1,60.5,34.1,33,65.4,53.6,60.2,60.7,70.2,53.1,0
VanillaRNN,1,1_0.1_0,29,0,1,60.5,34.1,33,65.4,53.6,60.2,60.7,70.2,53.1,0
VanillaRNN,2,1_0.1_0,0,0,2,49.3,9.4,0.4,62,47,49,50.3,57,43.5,0.1
VanillaRNN,2,1_0.1_0,1,0,2,50.6,9.7,0.4,63.2,48.4,50.4,54.2,59,44.2,0.1
VanillaRNN,2,1_0.1_0,2,0,2,51.8,10.1,0.5,64.2,49.6,51.8,56.5,60.8,45.1,0.1
VanillaRNN,2,1_0.1_0,3,0,2,53,10.6,0.5,64.8,50.6,52.9,57.9,62.3,46.1,0.1
VanillaRNN,2,1_0.1_0,4,0,2,54.1,11.6,0.6,65.3,51.3,53.8,58.9,63.5,47.1,0.1
VanillaRNN,2,1_0.1_0,5,0,2,55,12.2,0.7,65.4,51.8,54.6,59.6,64.3,48.1,0.1
VanillaRNN,2,1_0.1_0,6,0,2,56.1,13.2,0.8,65.5,52.2,55.3,60.1,64.8,49.5,0.1
VanillaRNN,2,1_0.1_0,7,0,2,57.4,14.7,0.9,65.4,52.3,55.7,60.4,64.4,51.8,0.1
VanillaRNN,2,1_0.1_0,8,0,2,59.1,19.7,1.4,65.4,52.4,56.1,60.5,61.3,57,0.1
VanillaRNN,2,1_0.1_0,9,0,2,58.8,38,2,65.3,52.4,56.3,60.6,54.8,63.6,0.1
VanillaRNN,2,1_0.1_0,10,0,2,58.8,38,2.2,65.2,52.4,56.4,60.7,55,63.3,0.1
VanillaRNN,2,1_0.1_0,11,0,2,58.8,38,2.3,65.1,52.4,56.4,60.7,55.1,63,0.1
VanillaRNN,2,1_0.1_0,12,0,2,58.7,38,2.4,65.1,52.4,56.4,60.6,55.2,62.8,0.1
VanillaRNN,2,1_0.1_0,13,0,2,58.7,38,2.4,65.1,52.4,56.4,60.6,55.2,62.6,0.1
VanillaRNN,2,1_0.1_0,14,0,2,58.6,38,2.4,65.1,52.4,56.4,60.6,55.2,62.5,0.1
VanillaRNN,2,1_0.1_0,15,0,2,58.6,38,2.4,65.1,52.4,56.3,60.6,55.2,62.5,0.1
VanillaRNN,2,1_0.1_0,16,0,2,58.6,38,2.4,65.1,52.4,56.4,60.6,55.2,62.5,0.1
VanillaRNN,2,1_0.1_0,17,0,2,58.6,38,2.4,65.1,52.4,56.4,60.6,55.2,62.5,0.1
VanillaRNN,2,1_0.1_0,18,0,2,58.6,38,2.4,65.1,52.4,56.4,60.6,55.2,62.5,0.1
VanillaRNN,2,1_0.1_0,19,0,2,58.6,38,2.4,65.1,52.4,56.4,60.6,55.2,62.5,0.1
VanillaRNN,2,1_0.1_0,20,0,2,58.6,38,2.4,65.1,52.4,56.4,60.6,55.2,62.5,0.1
VanillaRNN,2,1_0.1_0,21,0,2,58.6,38,2.4,65.1,52.4,56.4,60.6,55.2,62.5,0.1
VanillaRNN,2,1_0.1_0,22,0,2,58.6,38,2.4,65,52.4,56.4,60.6,55.2,62.5,0.1
VanillaRNN,2,1_0.1_0,23,0,2,58.6,38,2.4,65,52.4,56.4,60.6,55.2,62.5,0.1
VanillaRNN,2,1_0.1_0,24,0,2,58.6,38,2.4,65,52.4,56.3,60.6,55.2,62.5,0.1
VanillaRNN,2,1_0.1_0,25,0,2,58.6,37.9,2.4,65,52.4,56.3,60.6,55.1,62.5,0.1
VanillaRNN,2,1_0.1_0,26,0,2,58.6,37.9,2.4,65,52.4,56.3,60.6,55.1,62.5,0.1
VanillaRNN,2,1_0.1_0,27,0,2,58.6,37.9,2.4,65,52.4,56.3,60.6,55.1,62.5,0.1
VanillaRNN,2,1_0.1_0,28,0,2,58.6,37.9,2.4,65,52.4,56.3,60.6,55.1,62.5,0.1
VanillaRNN,2,1_0.1_0,29,0,2,58.6,37.9,2.4,65,52.4,56.3,60.6,55.1,62.5,0.1
VanillaRNN,3,1_0.1_0,0,0,3,49.3,9.4,0.4,62,47,49,50.3,57,43.5,0.1
VanillaRNN,3,1_0.1_0,1,0,3,50.2,9.5,0.4,62.9,48.1,50.1,53.6,58.8,43.9,0.1
VanillaRNN,3,1_0.1_0,2,0,3,51.1,9.8,0.4,63.7,49,51.1,55.6,60.3,44.3,0.1
VanillaRNN,3,1_0.1_0,3,0,3,51.9,10,0.5,64.3,49.9,52,57,61.7,44.8,0.1
VanillaRNN,3,1_0.1_0,4,0,3,52.6,10.3,0.5,64.7,50.5,52.7,58,62.7,45.3,0.1
VanillaRNN,3,1_0.1_0,5,0,3,53.2,10.7,0.5,64.8,50.9,53.3,58.7,63.3,45.9,0.1
VanillaRNN,3,1_0.1_0,6,0,3,53.7,11.7,0.6,64.9,51.2,53.7,59.1,63.5,46.5,0.1
VanillaRNN,3,1_0.1_0,7,0,3,53.9,11.9,0.6,64.9,51.3,54,59.5,64,46.6,0.1
VanillaRNN,3,1_0.1_0,8,0,3,54.2,12,0.6,64.8,51.5,54.2,59.7,64.4,46.7,0.1
VanillaRNN,3,1_0.1_0,9,0,3,54.4,12.2,0.6,64.7,51.5,54.4,59.8,64.5,47,0.1
VanillaRNN,3,1_0.1_0,10,0,3,54.6,12.4,0.6,64.6,51.5,54.5,59.9,64.5,47.3,0.1
VanillaRNN,3,1_0.1_0,11,0,3,54.8,12.6,0.7,64.5,51.5,54.6,60,64.3,47.8,0.1
VanillaRNN,3,1_0.1_0,12,0,3,55.1,13,0.7,64.3,51.4,54.6,60,64,48.4,0.1
VanillaRNN,3,1_0.1_0,13,0,3,55.4,13.4,0.7,64.3,51.4,54.6,60,63.5,49.2,0.1
VanillaRNN,3,1_0.1_0,14,0,3,55.8,13.9,0.7,64.2,51.3,54.6,59.9,62.7,50.2,0.1
VanillaRNN,3,1_0.1_0,15,0,3,56.2,14.6,0.8,64.2,51.3,54.6,59.9,61.8,51.6,0.1
VanillaRNN,3,1_0.1_0,16,0,3,56.7,15.7,0.8,64.2,51.3,54.6,59.9,60.4,53.5,0.1
VanillaRNN,3,1_0.1_0,17,0,3,57.2,18.2,0.9,64.1,51.3,54.6,59.9,57.8,56.7,0.1
VanillaRNN,3,1_0.1_0,18,0,3,54.8,38,1,64.1,51.3,54.6,59.9,46.3,67.2,0.2
VanillaRNN,3,1_0.1_0,19,0,3,54.8,38,1,64.1,51.3,54.6,59.9,46.3,67.2,0.2
VanillaRNN,3,1_0.1_0,20,0,3,54.8,38,1,64.1,51.3,54.6,59.9,46.3,67.1,0.2
VanillaRNN,3,1_0.1_0,21,0,3,54.8,38,1,64.1,51.3,54.5,59.9,46.3,67.1,0.2
VanillaRNN,3,1_0.1_0,22,0,3,54.8,38,1,64.1,51.3,54.5,59.9,46.3,67.1,0.2
VanillaRNN,3,1_0.1_0,23,0,3,54.8,37.9,1,64.1,51.3,54.5,59.9,46.2,67.1,0.2
VanillaRNN,3,1_0.1_0,24,0,3,54.7,37.9,1,64.1,51.3,54.5,59.9,46.2,67.1,0.2
VanillaRNN,3,1_0.1_0,25,0,3,54.7,37.9,1,64.1,51.3,54.5,59.9,46.2,67.1,0.2
VanillaRNN,3,1_0.1_0,26,0,3,54.7,37.9,1,64.1,51.3,54.5,59.9,46.2,67.1,0.2
VanillaRNN,3,1_0.1_0,27,0,3,54.7,37.9,1,64.1,51.3,54.5,59.9,46.2,67.1,0.2
VanillaRNN,3,1_0.1_0,28,0,3,54.7,37.9,1,64.1,51.3,54.5,59.9,46.2,67.1,0.2
VanillaRNN,3,1_0.1_0,29,0,3,54.7,37.9,1,64.1,51.3,54.5,59.9,46.2,67.1,0.2
VanillaRNN,4,1_0.1_0,0,0,4,49.3,9.4,0.4,62,47,49,50.3,57,43.5,0.1
VanillaRNN,4,1_0.1_0,1,0,4,50.1,9.5,0.4,62.8,47.9,49.9,53.2,58.6,43.7,0.1
VanillaRNN,4,1_0.1_0,2,0,4,50.8,9.6,0.4,63.4,48.7,50.8,55,60.1,44,0.1
VanillaRNN,4,1_0.1_0,3,0,4,51.3,9.7,0.5,63.9,49.4,51.5,56.3,61.3,44.2,0.1
VanillaRNN,4,1_0.1_0,4,0,4,51.8,9.8,0.5,64.2,49.9,52,57.2,62.3,44.4,0.1
VanillaRNN,4,1_0.1_0,5,0,4,52.2,10.1,0.5,64.3,50.3,52.5,57.8,63,44.6,0.1
VanillaRNN,4,1_0.1_0,6,0,4,52.5,10.3,0.5,64.4,50.5,52.8,58.3,63.5,44.8,0.1
VanillaRNN,4,1_0.1_0,7,0,4,52.8,10.5,0.6,64.3,50.6,53,58.6,63.7,45,0.1
VanillaRNN,4,1_0.1_0,8,0,4,52.9,10.8,0.5,64.2,50.7,53.2,58.8,63.3,45.5,0.1
VanillaRNN,4,1_0.1_0,9,0,4,52.9,11.7,0.5,64.1,50.7,53.3,58.9,62.8,45.7,0.1
VanillaRNN,4,1_0.1_0,10,0,4,52.8,11.6,0.6,64,50.7,53.3,59,63.1,45.4,0.1
VanillaRNN,4,1_0.1_0,11,0,4,52.7,11.6,0.6,63.8,50.7,53.3,59,63.2,45.2,0.1
VanillaRNN,4,1_0.1_0,12,0,4,52.6,11.5,0.6,63.7,50.6,53.3,59.1,63.4,44.9,0.1
VanillaRNN,4,1_0.1_0,13,0,4,52.4,11.5,0.6,63.5,50.5,53.3,59,63.4,44.7,0.1
VanillaRNN,4,1_0.1_0,14,0,4,52.3,11.4,0.6,63.4,50.5,53.3,59,63.5,44.5,0.1
VanillaRNN,4,1_0.1_0,15,0,4,52.2,11.3,0.6,63.3,50.4,53.2,59,63.5,44.2,0.1
VanillaRNN,4,1_0.1_0,16,0,4,52,11.3,0.6,63.2,50.3,53.1,58.9,63.6,44,0.1
VanillaRNN,4,1_0.1_0,17,0,4,51.9,11.2,0.6,63.1,50.2,53.1,58.9,63.7,43.8,0.1
VanillaRNN,4,1_0.1_0,18,0,4,51.8,11.1,0.6,63.1,50.2,53.1,58.9,63.8,43.6,0
VanillaRNN,4,1_0.1_0,19,0,4,51.7,11.1,0.6,63,50.2,53,58.8,63.9,43.4,0
VanillaRNN,4,1_0.1_0,20,0,4,51.5,11,0.5,63,50.2,53,58.8,64,43.1,0
VanillaRNN,4,1_0.1_0,21,0,4,51.4,10.9,0.5,63,50.1,53,58.8,64.1,42.9,0
VanillaRNN,4,1_0.1_0,22,0,4,51.2,10.8,0.5,63,50.1,53,58.8,64.2,42.6,0
VanillaRNN,4,1_0.1_0,23,0,4,51,10.7,0.5,62.9,50.1,53,58.8,64.3,42.3,0
VanillaRNN,4,1_0.1_0,24,0,4,50.8,10.6,0.6,62.9,50.1,52.9,58.8,64.4,42,0
VanillaRNN,4,1_0.1_0,25,0,4,50.7,10.5,0.6,62.9,50.1,52.9,58.7,64.5,41.7,0
VanillaRNN,4,1_0.1_0,26,0,4,50.5,10.4,0.6,62.9,50,52.9,58.7,64.6,41.4,0
VanillaRNN,4,1_0.1_0,27,0,4,50.2,10.3,0.6,62.9,50,52.9,58.7,64.7,41.1,0
VanillaRNN,4,1_0.1_0,28,0,4,50,10.2,0.6,62.9,50,52.9,58.7,64.8,40.7,0
VanillaRNN,4,1_0.1_0,29,0,4,49.8,10.1,0.6,62.8,50,52.9,58.7,64.9,40.4,0
VanillaRNN,5,1_0.1_0,0,0,5,49.3,9.4,0.4,62,47,49,50.3,57,43.5,0.1
VanillaRNN,5,1_0.1_0,1,0,5,49.9,9.4,0.4,62.7,47.8,49.8,52.8,58.5,43.6,0.1
VanillaRNN,5,1_0.1_0,2,0,5,50.5,9.5,0.4,63.2,48.5,50.5,54.5,59.9,43.7,0.1
VanillaRNN,5,1_0.1_0,3,0,5,51,9.5,0.4,63.6,49,51.1,55.7,61.1,43.8,0.1
VanillaRNN,5,1_0.1_0,4,0,5,51.3,9.6,0.4,63.9,49.5,51.6,56.5,62,43.8,0.1
VanillaRNN,5,1_0.1_0,5,0,5,51.6,9.7,0.5,64,49.8,52,57.1,62.7,43.9,0.1
VanillaRNN,5,1_0.1_0,6,0,5,51.8,9.8,0.5,64,50,52.3,57.5,63.1,43.9,0.1
VanillaRNN,5,1_0.1_0,7,0,5,51.9,9.9,0.5,63.9,50.1,52.4,57.8,63.4,43.9,0.1
VanillaRNN,5,1_0.1_0,8,0,5,52,9.9,0.5,63.8,50.1,52.5,58,63.7,43.9,0.1
VanillaRNN,5,1_0.1_0,9,0,5,52,10,0.5,63.6,50.1,52.5,58.1,63.8,43.8,0
VanillaRNN,5,1_0.1_0,10,0,5,51.9,10,0.5,63.4,50,52.5,58.1,63.6,43.9,0.1
VanillaRNN,5,1_0.1_0,11,0,5,51.9,10.2,0.5,63.3,49.9,52.4,58.1,63.1,44,0.1
VanillaRNN,5,1_0.1_0,12,0,5,51.6,11.1,0.5,63.1,49.8,52.4,58.1,61,44.6,0.1
VanillaRNN,5,1_0.1_0,13,0,5,51.3,11.3,0.5,62.9,49.7,52.3,58,60.8,44.3,0.1
VanillaRNN,5,1_0.1_0,14,0,5,51,11.2,0.5,62.7,49.6,52.2,58,60.8,43.9,0.1
VanillaRNN,5,1_0.1_0,15,0,5,50.8,11.1,0.5,62.5,49.4,52.1,57.9,60.7,43.6,0.1
VanillaRNN,5,1_0.1_0,16,0,5,50.5,11,0.5,62.3,49.3,52,57.8,60.7,43.3,0.1
VanillaRNN,5,1_0.1_0,17,0,5,50.2,10.9,0.5,62.2,49.2,51.9,57.7,60.6,42.9,0.1
VanillaRNN,5,1_0.1_0,18,0,5,50,10.8,0.5,62,49.1,51.7,57.6,60.6,42.6,0.1
VanillaRNN,5,1_0.1_0,19,0,5,49.8,10.7,0.5,61.9,49,51.6,57.6,60.5,42.3,0.1
VanillaRNN,5,1_0.1_0,20,0,5,49.5,10.5,0.5,61.9,48.9,51.6,57.5,60.5,42,0.1
VanillaRNN,5,1_0.1_0,21,0,5,49.3,10.4,0.5,61.8,48.9,51.5,57.5,60.4,41.6,0.1
VanillaRNN,5,1_0.1_0,22,0,5,49.1,10.3,0.5,61.7,48.8,51.4,57.4,60.3,41.4,0.1
VanillaRNN,5,1_0.1_0,23,0,5,48.9,10.3,0.5,61.7,48.7,51.4,57.4,60.2,41.1,0.1
VanillaRNN,5,1_0.1_0,24,0,5,48.7,10.2,0.5,61.6,48.7,51.3,57.3,60.1,40.9,0.1
VanillaRNN,5,1_0.1_0,25,0,5,48.5,10.1,0.5,61.6,48.6,51.3,57.3,60,40.7,0.1
VanillaRNN,5,1_0.1_0,26,0,5,48.4,10.1,0.5,61.5,48.6,51.2,57.2,59.9,40.6,0.1
VanillaRNN,5,1_0.1_0,27,0,5,48.4,10.1,0.5,61.5,48.6,51.2,57.2,59.9,40.6,0.1
VanillaRNN,5,1_0.1_0,28,0,5,48.3,10.1,0.5,61.5,48.5,51.1,57.2,59.8,40.5,0.1
VanillaRNN,5,1_0.1_0,29,0,5,48.3,10.1,0.5,61.4,48.5,51.1,57.1,59.8,40.5,0.1
VanillaConv,1,1_0.1_0,0,0,1,47.5,6.5,0.2,59.8,45.2,46.5,47.2,53.9,42.5,0.1
VanillaConv,1,1_0.1_0,1,0,1,49.1,6.9,0.3,60.9,46.6,48,50.7,56.2,43.6,0.1
VanillaConv,1,1_0.1_0,2,0,1,51,8,0.4,61.6,47.6,49.4,52.2,57.9,45.6,0.1
VanillaConv,1,1_0.1_0,3,0,1,53.8,22.5,2,61.8,48.2,50.7,53,56,51.8,0.1
VanillaConv,1,1_0.1_0,4,0,1,53.9,22.5,2.6,61.6,48.5,51.9,53.4,57.3,50.9,0.1
VanillaConv,1,1_0.1_0,5,0,1,54,22.5,3.3,61.2,48.7,52.6,53.6,58.5,50.1,0.1
VanillaConv,1,1_0.1_0,6,0,1,54,22.4,4.2,60.8,48.7,53.1,53.6,59.6,49.3,0.1
VanillaConv,1,1_0.1_0,7,0,1,53.9,22.4,5.4,60.7,48.6,53.4,53.6,60.6,48.6,0.1
VanillaConv,1,1_0.1_0,8,0,1,53.8,22.3,6.8,60.7,48.6,53.4,53.6,61.5,47.8,0.1
VanillaConv,1,1_0.1_0,9,0,1,53.6,22.2,8.5,60.7,48.6,53.4,53.6,62.3,47.1,0.1
VanillaConv,1,1_0.1_0,10,0,1,53.4,22.2,10.4,60.7,48.6,53.4,53.6,62.9,46.4,0.1
VanillaConv,1,1_0.1_0,11,0,1,53.1,22.2,12.6,60.7,48.6,53.4,53.6,63.4,45.7,0.1
VanillaConv,1,1_0.1_0,12,0,1,52.8,22.1,14.9,60.7,48.6,53.4,53.6,63.8,45.1,0.1
VanillaConv,1,1_0.1_0,13,0,1,52.5,22.1,17.3,60.7,48.6,53.4,53.6,64,44.5,0.1
VanillaConv,1,1_0.1_0,14,0,1,52.2,22.1,19.9,60.7,48.6,53.4,53.6,64.2,44,0
VanillaConv,1,1_0.1_0,15,0,1,51.9,22.1,22.1,60.7,48.6,53.4,53.6,64.2,43.5,0
VanillaConv,1,1_0.1_0,16,0,1,51.8,22,22.7,60.7,48.6,53.4,53.6,64.2,43.4,0
VanillaConv,1,1_0.1_0,17,0,1,51.8,22,22.7,60.7,48.6,53.4,53.6,64.2,43.4,0
VanillaConv,1,1_0.1_0,18,0,1,51.8,22,22.7,60.7,48.6,53.4,53.6,64.2,43.4,0
VanillaConv,1,1_0.1_0,19,0,1,51.8,22,22.7,60.7,48.6,53.4,53.6,64.2,43.4,0
VanillaConv,1,1_0.1_0,20,0,1,51.8,22,22.7,60.7,48.6,53.4,53.6,64.2,43.4,0
VanillaConv,1,1_0.1_0,21,0,1,51.8,22,22.7,60.7,48.6,53.4,53.6,64.2,43.4,0
VanillaConv,1,1_0.1_0,22,0,1,51.8,22,22.7,60.7,48.6,53.4,53.6,64.2,43.4,0
VanillaConv,1,1_0.1_0,23,0,1,51.8,22,22.7,60.7,48.6,53.4,53.6,64.2,43.4,0
VanillaConv,1,1_0.1_0,24,0,1,51.8,22,22.7,60.7,48.6,53.4,53.6,64.2,43.4,0
VanillaConv,1,1_0.1_0,25,0,1,51.8,22,22.7,60.7,48.6,53.4,53.6,64.2,43.4,0
VanillaConv,1,1_0.1_0,26,0,1,51.8,22,22.7,60.7,48.6,53.4,53.6,64.2,43.4,0
VanillaConv,1,1_0.1_0,27,0,1,51.8,22,22.7,60.7,48.6,53.4,53.6,64.2,43.4,0
VanillaConv,1,1_0.1_0,28,0,1,51.8,22,22.7,60.7,48.6,53.4,53.6,64.2,43.4,0
VanillaConv,1,1_0.1_0,29,0,1,51.8,22,22.7,60.7,48.6,53.4,53.6,64.2,43.4,0
VanillaConv,2,1_0.1_0,0,0,2,47.5,6.5,0.2,59.8,45.2,46.5,47.2,53.9,42.5,0.1
VanillaConv,2,1_0.1_0,1,0,2,48.6,6.7,0.3,60.6,46.1,47.6,50.2,55.7,43,0.1
VanillaConv,2,1_0.1_0,2,0,2,49.6,7,0.3,61.1,46.9,48.4,51.7,57.3,43.7,0.1
VanillaConv,2,1_0.1_0,3,0,2,50.5,7.7,0.4,61.4,47.5,49,52.6,58.3,44.6,0.1
VanillaConv,2,1_0.1_0,4,0,2,51.3,8.3,0.4,61.5,47.8,49.5,53.2,59.1,45.4,0.1
VanillaConv,2,1_0.1_0,5,0,2,52.2,9.3,0.6,61.5,48,49.9,53.5,59,46.9,0.1
VanillaConv,2,1_0.1_0,6,0,2,53.3,12.9,0.8,61.3,48.1,50.2,53.7,55.7,51.1,0.1
VanillaConv,2,1_0.1_0,7,0,2,52.5,26.6,1.2,61.1,48.1,50.5,53.8,50.2,55,0.1
VanillaConv,2,1_0.1_0,8,0,2,52.5,26.6,1.3,60.9,48,50.6,53.9,50.5,54.5,0.1
VanillaConv,2,1_0.1_0,9,0,2,52.4,26.6,1.4,60.7,47.9,50.7,53.9,50.8,54.1,0.1
VanillaConv,2,1_0.1_0,10,0,2,52.3,26.5,1.5,60.6,47.8,50.7,53.9,51,53.7,0.1
VanillaConv,2,1_0.1_0,11,0,2,52.2,26.5,1.7,60.5,47.8,50.7,53.9,51.1,53.3,0.1
VanillaConv,2,1_0.1_0,12,0,2,52.1,26.5,1.7,60.5,47.8,50.7,53.9,51.2,53,0.1
VanillaConv,2,1_0.1_0,13,0,2,52,26.5,1.8,60.5,47.8,50.7,53.9,51.2,52.7,0.1
VanillaConv,2,1_0.1_0,14,0,2,51.9,26.5,1.8,60.5,47.8,50.7,53.9,51.2,52.5,0.1
VanillaConv,2,1_0.1_0,15,0,2,51.8,26.5,1.8,60.5,47.8,50.7,53.9,51.2,52.4,0.1
VanillaConv,2,1_0.1_0,16,0,2,51.8,26.5,1.8,60.5,47.8,50.7,53.9,51.2,52.3,0.1
VanillaConv,2,1_0.1_0,17,0,2,51.8,26.5,1.8,60.5,47.8,50.7,53.9,51.2,52.3,0.1
VanillaConv,2,1_0.1_0,18,0,2,51.8,26.5,1.8,60.5,47.8,50.7,53.8,51.2,52.3,0.1
VanillaConv,2,1_0.1_0,19,0,2,51.8,26.5,1.8,60.5,47.8,50.7,53.8,51.2,52.3,0.1
VanillaConv,2,1_0.1_0,20,0,2,51.8,26.5,1.8,60.5,47.8,50.7,53.8,51.2,52.3,0.1
VanillaConv,2,1_0.1_0,21,0,2,51.8,26.5,1.8,60.5,47.8,50.7,53.8,51.2,52.3,0.1
VanillaConv,2,1_0.1_0,22,0,2,51.8,26.5,1.8,60.5,47.8,50.7,53.8,51.2,52.3,0.1
VanillaConv,2,1_0.1_0,23,0,2,51.8,26.5,1.8,60.5,47.8,50.7,53.8,51.2,52.3,0.1
VanillaConv,2,1_0.1_0,24,0,2,51.8,26.5,1.8,60.5,47.8,50.7,53.8,51.2,52.3,0.1
VanillaConv,2,1_0.1_0,25,0,2,51.8,26.5,1.8,60.5,47.8,50.7,53.8,51.2,52.3,0.1
VanillaConv,2,1_0.1_0,26,0,2,51.8,26.5,1.8,60.5,47.8,50.7,53.8,51.2,52.3,0.1
VanillaConv,2,1_0.1_0,27,0,2,51.8,26.5,1.8,60.5,47.8,50.7,53.8,51.2,52.3,0.1
VanillaConv,2,1_0.1_0,28,0,2,51.8,26.5,1.8,60.5,47.8,50.7,53.8,51.2,52.3,0.1
VanillaConv,2,1_0.1_0,29,0,2,51.8,26.5,1.8,60.5,47.8,50.7,53.8,51.2,52.3,0.1
VanillaConv,3,1_0.1_0,0,0,3,47.5,6.5,0.2,59.8,45.2,46.5,47.2,53.9,42.5,0.1
VanillaConv,3,1_0.1_0,1,0,3,48.3,6.6,0.3,60.4,45.9,47.4,49.8,55.5,42.8,0.1
VanillaConv,3,1_0.1_0,2,0,3,49,6.8,0.3,60.9,46.6,48.1,51.2,56.9,43.1,0.1
VanillaConv,3,1_0.1_0,3,0,3,49.7,7,0.3,61.1,47,48.5,52.1,57.9,43.5,0.1
VanillaConv,3,1_0.1_0,4,0,3,50.2,7.4,0.3,61.2,47.3,48.8,52.7,58.4,44,0.1
VanillaConv,3,1_0.1_0,5,0,3,50.6,8.1,0.4,61.2,47.4,49,53,58.8,44.4,0.1
VanillaConv,3,1_0.1_0,6,0,3,50.9,8.2,0.4,61,47.5,49.1,53.3,59.2,44.6,0.1
VanillaConv,3,1_0.1_0,7,0,3,51.2,8.5,0.4,60.8,47.5,49.2,53.4,59.4,44.9,0.1
VanillaConv,3,1_0.1_0,8,0,3,51.5,8.9,0.5,60.6,47.4,49.2,53.4,59.3,45.5,0.1
VanillaConv,3,1_0.1_0,9,0,3,51.8,9.3,0.5,60.4,47.3,49.2,53.5,58.6,46.4,0.1
VanillaConv,3,1_0.1_0,10,0,3,52.1,10.2,0.5,60.2,47.2,49.2,53.5,57.2,47.9,0.1
VanillaConv,3,1_0.1_0,11,0,3,52.2,12.2,0.6,60,47.1,49.2,53.4,53.7,50.8,0.1
VanillaConv,3,1_0.1_0,12,0,3,49.4,27.5,0.6,59.9,47,49.2,53.4,43.4,57.4,0.1
VanillaConv,3,1_0.1_0,13,0,3,49.3,27.5,0.6,59.8,47,49.1,53.4,43.4,57.2,0.1
VanillaConv,3,1_0.1_0,14,0,3,49.3,27.5,0.6,59.8,46.9,49.1,53.4,43.4,57.1,0.1
VanillaConv,3,1_0.1_0,15,0,3,49.2,27.5,0.6,59.7,46.9,49.1,53.4,43.3,57,0.1
VanillaConv,3,1_0.1_0,16,0,3,49.2,27.5,0.6,59.7,46.9,49.1,53.3,43.3,56.9,0.1
VanillaConv,3,1_0.1_0,17,0,3,49.2,27.5,0.6,59.7,46.9,49.1,53.3,43.3,56.9,0.1
VanillaConv,3,1_0.1_0,18,0,3,49.2,27.5,0.6,59.7,46.9,49.1,53.3,43.3,56.9,0.1
VanillaConv,3,1_0.1_0,19,0,3,49.2,27.5,0.6,59.7,46.9,49.1,53.3,43.3,56.9,0.1
VanillaConv,3,1_0.1_0,20,0,3,49.2,27.5,0.6,59.7,46.9,49.1,53.3,43.3,56.9,0.1
VanillaConv,3,1_0.1_0,21,0,3,49.1,27.5,0.6,59.7,46.9,49.1,53.3,43.2,56.9,0.1
VanillaConv,3,1_0.1_0,22,0,3,49.1,27.5,0.6,59.7,46.9,49.1,53.3,43.2,56.9,0.1
VanillaConv,3,1_0.1_0,23,0,3,49.1,27.5,0.6,59.7,46.9,49.1,53.3,43.2,56.9,0.1
VanillaConv,3,1_0.1_0,24,0,3,49.1,27.5,0.6,59.7,46.9,49.1,53.3,43.2,56.9,0.1
VanillaConv,3,1_0.1_0,25,0,3,49.1,27.5,0.6,59.7,46.9,49.1,53.3,43.2,56.9,0.1
VanillaConv,3,1_0.1_0,26,0,3,49.1,27.5,0.6,59.7,46.9,49.1,53.3,43.2,56.9,0.1
VanillaConv,3,1_0.1_0,27,0,3,49.1,27.5,0.6,59.6,46.9,49.1,53.3,43.2,56.9,0.1
VanillaConv,3,1_0.1_0,28,0,3,49.1,27.5,0.6,59.6,46.9,49.1,53.3,43.2,56.9,0.1
VanillaConv,3,1_0.1_0,29,0,3,49.1,27.5,0.6,59.6,46.9,49.1,53.3,43.2,56.9,0.1
